2026-08-11T16:03:05+00:00 INFO    [event=application.started] IPTV-API 版本: 3.0.0 (构建时间: 2026-08-07 11:45:59)
2026-08-11T16:03:05+00:00 INFO    [phase=prepare event=network.ipv6.checking] 🛜 正在检查当前网络是否支持IPv6...
2026-08-11T16:03:05+00:00 WARNING [phase=prepare event=network.ipv6.unsupported] 当前网络不支持IPv6，别担心，IPv6的结果会被保存下来
2026-08-11T16:03:05+00:00 INFO    [run=3e3d265a79f84f778d7961e412d1c575 phase=prepare event=run.started] 性能模式: auto → balance，可用资源: 4.0 CPU / 15.61 GB，并发: 测速 8、媒体探测 2、源抓取 8
2026-08-11T16:03:05+00:00 INFO    [run=3e3d265a79f84f778d7961e412d1c575 phase=prepare event=channels.catalog_loaded] 频道目录已加载：白名单 0，黑名单 2，台标 21
2026-08-11T16:03:05+00:00 INFO    [run=3e3d265a79f84f778d7961e412d1c575 phase=fetch event=sources.subscribe.summary] 订阅源数量：0，订阅白名单数量：0，停用地址数量：0，有效总数量：0
2026-08-11T16:03:05+00:00 WARNING [run=3e3d265a79f84f778d7961e412d1c575 phase=fetch event=sources.subscribe.empty] 没有找到有效的订阅地址，请检查文件：config/subscribe.txt，需要添加订阅地址后才能获取订阅源！
2026-08-11T16:03:05+00:00 INFO    [run=3e3d265a79f84f778d7961e412d1c575 phase=fetch event=sources.epg.summary] EPG源数量：1，EPG白名单数量：0，停用地址数量：0，有效总数量：1
2026-08-11T16:03:05+00:00 INFO    [run=3e3d265a79f84f778d7961e412d1c575 phase=fetch event=progress.started] 正在进行获取EPG源  0/1
2026-08-11T16:03:06+00:00 WARNING [run=3e3d265a79f84f778d7961e412d1c575 phase=fetch event=request.retrying] 🔄 请求http://e.erw.cc/e.xml.gz失败，正在进行第1次重试...
2026-08-11T16:03:07+00:00 ERROR   [run=3e3d265a79f84f778d7961e412d1c575 phase=fetch event=source.parse_failed] http://e.erw.cc/e.xml.gz 出错：❌ 请求http://e.erw.cc/e.xml.gz失败，已达到最大重试次数
2026-08-11T16:03:07+00:00 INFO    [run=3e3d265a79f84f778d7961e412d1c575 phase=fetch event=progress.updated] 正在进行获取EPG源  1/1 (100%)  剩余 0
2026-08-11T16:03:07+00:00 INFO    [run=3e3d265a79f84f778d7961e412d1c575 phase=fetch event=sources.epg.finished] EPG源: ✅ 有效地址数量：1，⛔ 停用地址数量：0
2026-08-11T16:03:07+00:00 INFO    [run=3e3d265a79f84f778d7961e412d1c575 phase=fetch event=progress.finished] 正在进行获取EPG源  1/1  匹配 0 个频道
2026-08-11T16:03:07+00:00 INFO    [run=3e3d265a79f84f778d7961e412d1c575 phase=aggregate event=channels.aggregated] 频道数据聚合完成：72 个频道，0 个接口（IPv4 0 / IPv6 0）
2026-08-11T16:03:07+00:00 WARNING [run=3e3d265a79f84f778d7961e412d1c575 phase=aggregate event=run.empty_data] 未生成频道数据：模板包含 74 个频道，但没有配置任何可用接口。
下一步：在 config/subscribe.txt 添加 txt/m3u 订阅地址，或在 config/local.txt 添加本地频道接口。Docker 用户请确认挂载后的 /iptv-api/config/subscribe.txt 不是空文件。教程：https://github.com/Guovin/iptv-api/blob/master/docs/tutorial.md#添加数据源与更多
2026-08-11T16:03:07+00:00 INFO    [run=3e3d265a79f84f778d7961e412d1c575 phase=speed_test event=speed_test.planned] 总接口数量: 0, 需要进行测速的接口数量: 0
2026-08-11T16:03:07+00:00 INFO    [run=3e3d265a79f84f778d7961e412d1c575 phase=output event=output.written] 结果文件生成完成：更新 3 个文件
2026-08-11T16:03:07+00:00 INFO    [run=3e3d265a79f84f778d7961e412d1c575 phase=statistics event=statistics.finished] 频道统计完成：测试 0，有效 0
2026-08-11T16:03:07+00:00 INFO    [run=3e3d265a79f84f778d7961e412d1c575 phase=complete event=run.summary] 更新摘要
2026-08-11T16:03:07+00:00 WARNING [run=3e3d265a79f84f778d7961e412d1c575 phase=complete event=run.finished] 运行完成，但未生成频道数据，请按提示配置或检查数据源。
2026-08-12T08:57:03+00:00 INFO    [event=application.started] IPTV-API 版本: 3.0.0 (构建时间: 2026-08-07 11:45:59)
2026-08-12T08:57:03+00:00 INFO    [phase=prepare event=network.ipv6.checking] 🛜 正在检查当前网络是否支持IPv6...
2026-08-12T08:57:03+00:00 WARNING [phase=prepare event=network.ipv6.unsupported] 当前网络不支持IPv6，别担心，IPv6的结果会被保存下来
2026-08-12T08:57:03+00:00 INFO    [run=6cc37402907c4645a9033ae72f119b6b phase=prepare event=run.started] 性能模式: auto → balance，可用资源: 4.0 CPU / 15.61 GB，并发: 测速 8、媒体探测 2、源抓取 8
2026-08-12T08:57:03+00:00 INFO    [run=6cc37402907c4645a9033ae72f119b6b phase=prepare event=channels.catalog_loaded] 频道目录已加载：白名单 0，黑名单 2，台标 21
2026-08-12T08:57:03+00:00 INFO    [run=6cc37402907c4645a9033ae72f119b6b phase=fetch event=sources.subscribe.summary] 订阅源数量：0，订阅白名单数量：0，停用地址数量：0，有效总数量：0
2026-08-12T08:57:03+00:00 WARNING [run=6cc37402907c4645a9033ae72f119b6b phase=fetch event=sources.subscribe.empty] 没有找到有效的订阅地址，请检查文件：config/subscribe.txt，需要添加订阅地址后才能获取订阅源！
2026-08-12T08:57:03+00:00 INFO    [run=6cc37402907c4645a9033ae72f119b6b phase=fetch event=sources.epg.summary] EPG源数量：1，EPG白名单数量：0，停用地址数量：0，有效总数量：1
2026-08-12T08:57:03+00:00 INFO    [run=6cc37402907c4645a9033ae72f119b6b phase=fetch event=progress.started] 正在进行获取EPG源  0/1
2026-08-12T08:57:04+00:00 INFO    [run=6cc37402907c4645a9033ae72f119b6b phase=fetch event=epg.source_parsed] EPG 源解析完成：http://e.erw.cc/e.xml.gz，保留节目 2359 条
2026-08-12T08:57:04+00:00 INFO    [run=6cc37402907c4645a9033ae72f119b6b phase=fetch event=progress.updated] 正在进行获取EPG源  1/1 (100%)  剩余 0
2026-08-12T08:57:04+00:00 INFO    [run=6cc37402907c4645a9033ae72f119b6b phase=fetch event=sources.epg.finished] EPG源: ✅ 有效地址数量：1，⛔ 停用地址数量：0
2026-08-12T08:57:04+00:00 INFO    [run=6cc37402907c4645a9033ae72f119b6b phase=fetch event=progress.finished] 正在进行获取EPG源  1/1  匹配 62 个频道
2026-08-12T08:57:04+00:00 INFO    [run=6cc37402907c4645a9033ae72f119b6b phase=aggregate event=channels.aggregated] 频道数据聚合完成：72 个频道，0 个接口（IPv4 0 / IPv6 0）
2026-08-12T08:57:04+00:00 WARNING [run=6cc37402907c4645a9033ae72f119b6b phase=aggregate event=run.empty_data] 未生成频道数据：模板包含 74 个频道，但没有配置任何可用接口。
下一步：在 config/subscribe.txt 添加 txt/m3u 订阅地址，或在 config/local.txt 添加本地频道接口。Docker 用户请确认挂载后的 /iptv-api/config/subscribe.txt 不是空文件。教程：https://github.com/Guovin/iptv-api/blob/master/docs/tutorial.md#添加数据源与更多
2026-08-12T08:57:04+00:00 INFO    [run=6cc37402907c4645a9033ae72f119b6b phase=speed_test event=speed_test.planned] 总接口数量: 0, 需要进行测速的接口数量: 0
2026-08-12T08:57:04+00:00 INFO    [run=6cc37402907c4645a9033ae72f119b6b phase=output event=output.written] 结果文件生成完成：更新 3 个文件
2026-08-12T08:57:04+00:00 INFO    [run=6cc37402907c4645a9033ae72f119b6b phase=statistics event=statistics.finished] 频道统计完成：测试 0，有效 0
2026-08-12T08:57:04+00:00 INFO    [run=6cc37402907c4645a9033ae72f119b6b phase=complete event=run.summary] 更新摘要
2026-08-12T08:57:04+00:00 WARNING [run=6cc37402907c4645a9033ae72f119b6b phase=complete event=run.finished] 运行完成，但未生成频道数据，请按提示配置或检查数据源。
2026-08-12T09:28:18+00:00 INFO    [event=application.started] IPTV-API 版本: 3.0.0 (构建时间: 2026-08-07 11:45:59)
2026-08-12T09:28:18+00:00 INFO    [phase=prepare event=network.ipv6.checking] 🛜 正在检查当前网络是否支持IPv6...
2026-08-12T09:28:18+00:00 WARNING [phase=prepare event=network.ipv6.unsupported] 当前网络不支持IPv6，别担心，IPv6的结果会被保存下来
2026-08-12T09:28:18+00:00 INFO    [run=8f4ff22f1f964b76bcb7c834c4bf641c phase=prepare event=run.started] 性能模式: auto → balance，可用资源: 4.0 CPU / 15.61 GB，并发: 测速 8、媒体探测 2、源抓取 8
2026-08-12T09:28:18+00:00 INFO    [run=8f4ff22f1f964b76bcb7c834c4bf641c phase=prepare event=channels.catalog_loaded] 频道目录已加载：白名单 0，黑名单 14，台标 21
2026-08-12T09:28:18+00:00 INFO    [run=8f4ff22f1f964b76bcb7c834c4bf641c phase=fetch event=sources.subscribe.summary] 订阅源数量：16，订阅白名单数量：0，停用地址数量：0，有效总数量：16
2026-08-12T09:28:18+00:00 INFO    [run=8f4ff22f1f964b76bcb7c834c4bf641c phase=fetch event=progress.started] 正在进行获取订阅源  0/16
2026-08-12T09:28:18+00:00 INFO    [run=8f4ff22f1f964b76bcb7c834c4bf641c phase=fetch event=sources.epg.summary] EPG源数量：1，EPG白名单数量：0，停用地址数量：0，有效总数量：1
2026-08-12T09:28:18+00:00 INFO    [run=8f4ff22f1f964b76bcb7c834c4bf641c phase=fetch event=progress.started] 正在进行获取EPG源  0/1
2026-08-12T09:28:19+00:00 INFO    [run=8f4ff22f1f964b76bcb7c834c4bf641c phase=fetch event=epg.source_parsed] EPG 源解析完成：http://e.erw.cc/e.xml.gz，保留节目 4048 条
2026-08-12T09:28:19+00:00 INFO    [run=8f4ff22f1f964b76bcb7c834c4bf641c phase=fetch event=progress.updated] 正在进行获取EPG源  1/1 (100%)  剩余 0
2026-08-12T09:28:19+00:00 INFO    [run=8f4ff22f1f964b76bcb7c834c4bf641c phase=fetch event=sources.epg.finished] EPG源: ✅ 有效地址数量：1，⛔ 停用地址数量：0
2026-08-12T09:28:19+00:00 INFO    [run=8f4ff22f1f964b76bcb7c834c4bf641c phase=fetch event=progress.finished] 正在进行获取EPG源  1/1  匹配 114 个频道
2026-08-12T09:28:20+00:00 INFO    [run=8f4ff22f1f964b76bcb7c834c4bf641c phase=fetch event=progress.updated] 正在进行获取订阅源  1/16 (6%)  剩余 15
2026-08-12T09:28:20+00:00 INFO    [run=8f4ff22f1f964b76bcb7c834c4bf641c phase=fetch event=progress.updated] 正在进行获取订阅源  3/16 (18%)  剩余 13
2026-08-12T09:28:20+00:00 INFO    [run=8f4ff22f1f964b76bcb7c834c4bf641c phase=fetch event=progress.updated] 正在进行获取订阅源  5/16 (31%)  剩余 11
2026-08-12T09:28:20+00:00 INFO    [run=8f4ff22f1f964b76bcb7c834c4bf641c phase=fetch event=progress.updated] 正在进行获取订阅源  7/16 (43%)  剩余 9
2026-08-12T09:28:21+00:00 INFO    [run=8f4ff22f1f964b76bcb7c834c4bf641c phase=fetch event=progress.updated] 正在进行获取订阅源  9/16 (56%)  剩余 7
2026-08-12T09:28:21+00:00 INFO    [run=8f4ff22f1f964b76bcb7c834c4bf641c phase=fetch event=progress.updated] 正在进行获取订阅源  11/16 (68%)  剩余 5
2026-08-12T09:28:21+00:00 INFO    [run=8f4ff22f1f964b76bcb7c834c4bf641c phase=fetch event=progress.updated] 正在进行获取订阅源  13/16 (81%)  剩余 3
2026-08-12T09:28:22+00:00 WARNING [run=8f4ff22f1f964b76bcb7c834c4bf641c phase=fetch event=request.retrying] 🔄 请求http://cms.supertv01.com/zhibo/iptv.txt失败，正在进行第1次重试...
2026-08-12T09:28:23+00:00 WARNING [run=8f4ff22f1f964b76bcb7c834c4bf641c phase=fetch event=source.request_failed] 订阅源请求失败：❌ 请求http://cms.supertv01.com/zhibo/iptv.txt失败，已达到最大重试次数
2026-08-12T09:28:23+00:00 INFO    [run=8f4ff22f1f964b76bcb7c834c4bf641c phase=fetch event=progress.updated] 正在进行获取订阅源  15/16 (93%)  剩余 1
2026-08-12T09:28:23+00:00 INFO    [run=8f4ff22f1f964b76bcb7c834c4bf641c phase=fetch event=progress.updated] 正在进行获取订阅源  16/16 (100%)  剩余 0
2026-08-12T09:28:23+00:00 INFO    [run=8f4ff22f1f964b76bcb7c834c4bf641c phase=fetch event=sources.subscribe.finished] 订阅源: ✅ 有效地址数量：16，⛔ 停用地址数量：0
2026-08-12T09:28:23+00:00 INFO    [run=8f4ff22f1f964b76bcb7c834c4bf641c phase=fetch event=progress.finished] 正在进行获取订阅源  16/16  未匹配 10000
2026-08-12T09:31:24+00:00 INFO    [run=8f4ff22f1f964b76bcb7c834c4bf641c phase=aggregate event=channels.aggregated] 频道数据聚合完成：477 个频道，28000 个接口（IPv4 24981 / IPv6 3019）
2026-08-12T09:31:24+00:00 INFO    [run=8f4ff22f1f964b76bcb7c834c4bf641c phase=speed_test event=speed_test.planned] 总接口数量: 13506, 需要进行测速的接口数量: 11494
2026-08-12T09:31:24+00:00 INFO    [run=8f4ff22f1f964b76bcb7c834c4bf641c phase=speed_test event=progress.started] 测速  0/11494
2026-08-12T09:31:25+00:00 INFO    [run=8f4ff22f1f964b76bcb7c834c4bf641c phase=speed_test event=progress.updated] 测速  1/11494 (0%)  有效 0  失败 1  CCTV-1
2026-08-12T09:31:55+00:00 INFO    [run=8f4ff22f1f964b76bcb7c834c4bf641c phase=speed_test event=progress.updated] 测速  61/11494 (0%)  有效 8  失败 53  CCTV-2
2026-08-12T09:32:25+00:00 INFO    [run=8f4ff22f1f964b76bcb7c834c4bf641c phase=speed_test event=progress.updated] 测速  133/11494 (1%)  有效 26  失败 107  CCTV-3
2026-08-12T09:32:55+00:00 INFO    [run=8f4ff22f1f964b76bcb7c834c4bf641c phase=speed_test event=progress.updated] 测速  194/11494 (1%)  有效 38  失败 156  CCTV-5
2026-08-12T09:33:26+00:00 INFO    [run=8f4ff22f1f964b76bcb7c834c4bf641c phase=speed_test event=progress.updated] 测速  249/11494 (2%)  有效 45  失败 204  CCTV-6
2026-08-12T09:33:56+00:00 INFO    [run=8f4ff22f1f964b76bcb7c834c4bf641c phase=speed_test event=progress.updated] 测速  309/11494 (2%)  有效 60  失败 249  CCTV-8
2026-08-12T09:34:27+00:00 INFO    [run=8f4ff22f1f964b76bcb7c834c4bf641c phase=speed_test event=progress.updated] 测速  370/11494 (3%)  有效 76  失败 294  CCTV-10
2026-08-12T09:34:59+00:00 INFO    [run=8f4ff22f1f964b76bcb7c834c4bf641c phase=speed_test event=progress.updated] 测速  424/11494 (3%)  有效 89  失败 335  CCTV-12
2026-08-12T09:35:30+00:00 INFO    [run=8f4ff22f1f964b76bcb7c834c4bf641c phase=speed_test event=progress.updated] 测速  480/11494 (4%)  有效 99  失败 381  CCTV-14
2026-08-12T09:36:00+00:00 INFO    [run=8f4ff22f1f964b76bcb7c834c4bf641c phase=speed_test event=progress.updated] 测速  533/11494 (4%)  有效 108  失败 425  CCTV-15
2026-08-12T09:36:31+00:00 INFO    [run=8f4ff22f1f964b76bcb7c834c4bf641c phase=speed_test event=progress.updated] 测速  588/11494 (5%)  有效 126  失败 462  CCTV-17
2026-08-12T09:37:01+00:00 INFO    [run=8f4ff22f1f964b76bcb7c834c4bf641c phase=speed_test event=progress.updated] 测速  645/11494 (5%)  有效 133  失败 512  CETV-2
2026-08-12T09:37:33+00:00 INFO    [run=8f4ff22f1f964b76bcb7c834c4bf641c phase=speed_test event=progress.updated] 测速  702/11494 (6%)  有效 135  失败 567  CETV-4
2026-08-12T09:38:03+00:00 INFO    [run=8f4ff22f1f964b76bcb7c834c4bf641c phase=speed_test event=progress.updated] 测速  764/11494 (6%)  有效 135  失败 629  CCTV4美洲
2026-08-12T09:38:35+00:00 INFO    [run=8f4ff22f1f964b76bcb7c834c4bf641c phase=speed_test event=progress.updated] 测速  821/11494 (7%)  有效 160  失败 661  第一剧场
2026-08-12T09:39:05+00:00 INFO    [run=8f4ff22f1f964b76bcb7c834c4bf641c phase=speed_test event=progress.updated] 测速  887/11494 (7%)  有效 190  失败 697  高尔夫网球
2026-08-12T09:39:36+00:00 INFO    [run=8f4ff22f1f964b76bcb7c834c4bf641c phase=speed_test event=progress.updated] 测速  951/11494 (8%)  有效 216  失败 735  兵器科技
2026-08-12T09:40:07+00:00 INFO    [run=8f4ff22f1f964b76bcb7c834c4bf641c phase=speed_test event=progress.updated] 测速  1055/11494 (9%)  有效 235  失败 820  湖北公共新闻
2026-08-12T09:40:37+00:00 INFO    [run=8f4ff22f1f964b76bcb7c834c4bf641c phase=speed_test event=progress.updated] 测速  1112/11494 (9%)  有效 241  失败 871  浙江卫视
2026-08-12T09:41:07+00:00 INFO    [run=8f4ff22f1f964b76bcb7c834c4bf641c phase=speed_test event=progress.updated] 测速  1168/11494 (10%)  有效 250  失败 918  北京卫视
2026-08-12T09:41:38+00:00 INFO    [run=8f4ff22f1f964b76bcb7c834c4bf641c phase=speed_test event=progress.updated] 测速  1227/11494 (10%)  有效 259  失败 968  江苏卫视
2026-08-12T09:42:09+00:00 INFO    [run=8f4ff22f1f964b76bcb7c834c4bf641c phase=speed_test event=progress.updated] 测速  1284/11494 (11%)  有效 267  失败 1017  广东卫视
2026-08-12T09:42:39+00:00 INFO    [run=8f4ff22f1f964b76bcb7c834c4bf641c phase=speed_test event=progress.updated] 测速  1357/11494 (11%)  有效 280  失败 1077  深圳卫视
2026-08-12T09:43:09+00:00 INFO    [run=8f4ff22f1f964b76bcb7c834c4bf641c phase=speed_test event=progress.updated] 测速  1423/11494 (12%)  有效 295  失败 1128  安徽卫视
2026-08-12T09:43:40+00:00 INFO    [run=8f4ff22f1f964b76bcb7c834c4bf641c phase=speed_test event=progress.updated] 测速  1480/11494 (12%)  有效 305  失败 1175  山东卫视
2026-08-12T09:44:10+00:00 INFO    [run=8f4ff22f1f964b76bcb7c834c4bf641c phase=speed_test event=progress.updated] 测速  1546/11494 (13%)  有效 321  失败 1225  辽宁卫视
2026-08-12T09:44:40+00:00 INFO    [run=8f4ff22f1f964b76bcb7c834c4bf641c phase=speed_test event=progress.updated] 测速  1603/11494 (13%)  有效 332  失败 1271  河北卫视
2026-08-12T09:45:10+00:00 INFO    [run=8f4ff22f1f964b76bcb7c834c4bf641c phase=speed_test event=progress.updated] 测速  1664/11494 (14%)  有效 346  失败 1318  江西卫视
2026-08-12T09:45:42+00:00 INFO    [run=8f4ff22f1f964b76bcb7c834c4bf641c phase=speed_test event=progress.updated] 测速  1724/11494 (14%)  有效 357  失败 1367  四川卫视
2026-08-12T09:46:13+00:00 INFO    [run=8f4ff22f1f964b76bcb7c834c4bf641c phase=speed_test event=progress.updated] 测速  1785/11494 (15%)  有效 370  失败 1415  贵州卫视
2026-08-12T09:46:44+00:00 INFO    [run=8f4ff22f1f964b76bcb7c834c4bf641c phase=speed_test event=progress.updated] 测速  1848/11494 (16%)  有效 379  失败 1469  湖北卫视
2026-08-12T09:47:14+00:00 INFO    [run=8f4ff22f1f964b76bcb7c834c4bf641c phase=speed_test event=progress.updated] 测速  1907/11494 (16%)  有效 390  失败 1517  云南卫视
2026-08-12T09:47:44+00:00 INFO    [run=8f4ff22f1f964b76bcb7c834c4bf641c phase=speed_test event=progress.updated] 测速  1977/11494 (17%)  有效 405  失败 1572  海南卫视
2026-08-12T09:48:15+00:00 INFO    [run=8f4ff22f1f964b76bcb7c834c4bf641c phase=speed_test event=progress.updated] 测速  2037/11494 (17%)  有效 415  失败 1622  青海卫视
2026-08-12T09:48:47+00:00 INFO    [run=8f4ff22f1f964b76bcb7c834c4bf641c phase=speed_test event=progress.updated] 测速  2111/11494 (18%)  有效 436  失败 1675  宁夏卫视
2026-08-12T09:49:18+00:00 INFO    [run=8f4ff22f1f964b76bcb7c834c4bf641c phase=speed_test event=progress.updated] 测速  2161/11494 (18%)  有效 448  失败 1713  新疆卫视
2026-08-12T09:49:48+00:00 INFO    [run=8f4ff22f1f964b76bcb7c834c4bf641c phase=speed_test event=progress.updated] 测速  2231/11494 (19%)  有效 464  失败 1767  内蒙古视
2026-08-12T09:50:19+00:00 INFO    [run=8f4ff22f1f964b76bcb7c834c4bf641c phase=speed_test event=progress.updated] 测速  2291/11494 (19%)  有效 477  失败 1814  东方卫视
2026-08-12T09:50:49+00:00 INFO    [run=8f4ff22f1f964b76bcb7c834c4bf641c phase=speed_test event=progress.updated] 测速  2359/11494 (20%)  有效 489  失败 1870  黑龙江卫视
2026-08-12T09:51:19+00:00 INFO    [run=8f4ff22f1f964b76bcb7c834c4bf641c phase=speed_test event=progress.updated] 测速  2429/11494 (21%)  有效 514  失败 1915  翡翠台
2026-08-12T09:51:49+00:00 INFO    [run=8f4ff22f1f964b76bcb7c834c4bf641c phase=speed_test event=progress.updated] 测速  2499/11494 (21%)  有效 525  失败 1974  凤凰中文
2026-08-12T09:52:19+00:00 INFO    [run=8f4ff22f1f964b76bcb7c834c4bf641c phase=speed_test event=progress.updated] 测速  2562/11494 (22%)  有效 532  失败 2030  凤凰卫视
2026-08-12T09:52:50+00:00 INFO    [run=8f4ff22f1f964b76bcb7c834c4bf641c phase=speed_test event=progress.updated] 测速  2655/11494 (23%)  有效 555  失败 2100  三立新闻
2026-08-12T09:53:21+00:00 INFO    [run=8f4ff22f1f964b76bcb7c834c4bf641c phase=speed_test event=progress.updated] 测速  2734/11494 (23%)  有效 580  失败 2154  成龙
2026-08-12T09:53:52+00:00 INFO    [run=8f4ff22f1f964b76bcb7c834c4bf641c phase=speed_test event=progress.updated] 测速  2798/11494 (24%)  有效 606  失败 2192  许冠英
2026-08-12T09:54:22+00:00 INFO    [run=8f4ff22f1f964b76bcb7c834c4bf641c phase=speed_test event=progress.updated] 测速  2855/11494 (24%)  有效 635  失败 2220  绝代双娇
2026-08-12T09:54:53+00:00 INFO    [run=8f4ff22f1f964b76bcb7c834c4bf641c phase=speed_test event=progress.updated] 测速  2915/11494 (25%)  有效 653  失败 2262  校园剧专区
2026-08-12T09:55:23+00:00 INFO    [run=8f4ff22f1f964b76bcb7c834c4bf641c phase=speed_test event=progress.updated] 测速  3033/11494 (26%)  有效 667  失败 2366  睛彩篮球
2026-08-12T09:55:54+00:00 INFO    [run=8f4ff22f1f964b76bcb7c834c4bf641c phase=speed_test event=progress.updated] 测速  3103/11494 (26%)  有效 673  失败 2430  睛彩青少
2026-08-12T09:56:24+00:00 INFO    [run=8f4ff22f1f964b76bcb7c834c4bf641c phase=speed_test event=progress.updated] 测速  3167/11494 (27%)  有效 681  失败 2486  广东珠江
2026-08-12T09:56:55+00:00 INFO    [run=8f4ff22f1f964b76bcb7c834c4bf641c phase=speed_test event=progress.updated] 测速  3241/11494 (28%)  有效 702  失败 2539  快乐垂钓
2026-08-12T09:57:30+00:00 INFO    [run=8f4ff22f1f964b76bcb7c834c4bf641c phase=speed_test event=progress.updated] 测速  3276/11494 (28%)  有效 702  失败 2574  咪咕直播17
2026-08-12T09:58:01+00:00 INFO    [run=8f4ff22f1f964b76bcb7c834c4bf641c phase=speed_test event=progress.updated] 测速  3332/11494 (28%)  有效 706  失败 2626  劲爆体育
2026-08-12T09:58:32+00:00 INFO    [run=8f4ff22f1f964b76bcb7c834c4bf641c phase=speed_test event=progress.updated] 测速  3382/11494 (29%)  有效 717  失败 2665  安徽综艺体育
2026-08-12T09:59:02+00:00 INFO    [run=8f4ff22f1f964b76bcb7c834c4bf641c phase=speed_test event=progress.updated] 测速  3448/11494 (29%)  有效 729  失败 2719  射雕英雄传
2026-08-12T09:59:02+00:00 INFO    [run=8f4ff22f1f964b76bcb7c834c4bf641c phase=speed_test event=speed_test.artifacts_written] 测速明细已写入 output/log/speed_test.log，有效结果已写入 output/log/result.log
2026-08-12T09:59:02+00:00 INFO    [run=8f4ff22f1f964b76bcb7c834c4bf641c phase=speed_test event=progress.finished] 测速  11494/11494  有效 729  失败 2719
2026-08-12T09:59:03+00:00 INFO    [run=8f4ff22f1f964b76bcb7c834c4bf641c phase=output event=output.written] 结果文件生成完成：更新 3 个文件
2026-08-12T09:59:04+00:00 INFO    [run=8f4ff22f1f964b76bcb7c834c4bf641c phase=statistics event=statistics.finished] 频道统计完成：测试 3448，有效 729
2026-08-12T09:59:05+00:00 INFO    [run=8f4ff22f1f964b76bcb7c834c4bf641c phase=complete event=run.summary] 更新摘要
2026-08-12T09:59:05+00:00 INFO    [run=8f4ff22f1f964b76bcb7c834c4bf641c phase=complete event=run.finished] 更新完成！总耗时：30:46
2026-08-12T10:17:28+00:00 INFO    [event=application.started] IPTV-API 版本: 3.0.0 (构建时间: 2026-08-07 11:45:59)
2026-08-12T10:17:28+00:00 INFO    [phase=prepare event=network.ipv6.checking] 🛜 正在检查当前网络是否支持IPv6...
2026-08-12T10:17:28+00:00 WARNING [phase=prepare event=network.ipv6.unsupported] 当前网络不支持IPv6，别担心，IPv6的结果会被保存下来
2026-08-12T10:17:28+00:00 INFO    [run=8f7b12caf5f847cbbe2bb4e357d636e8 phase=prepare event=run.started] 性能模式: auto → balance，可用资源: 4.0 CPU / 15.61 GB，并发: 测速 8、媒体探测 2、源抓取 8
2026-08-12T10:17:28+00:00 INFO    [run=8f7b12caf5f847cbbe2bb4e357d636e8 phase=prepare event=channels.catalog_loaded] 频道目录已加载：白名单 0，黑名单 14，台标 21
2026-08-12T10:17:28+00:00 INFO    [run=8f7b12caf5f847cbbe2bb4e357d636e8 phase=fetch event=sources.subscribe.summary] 订阅源数量：16，订阅白名单数量：0，停用地址数量：0，有效总数量：16
2026-08-12T10:17:28+00:00 INFO    [run=8f7b12caf5f847cbbe2bb4e357d636e8 phase=fetch event=progress.started] 正在进行获取订阅源  0/16
2026-08-12T10:17:28+00:00 INFO    [run=8f7b12caf5f847cbbe2bb4e357d636e8 phase=fetch event=sources.epg.summary] EPG源数量：1，EPG白名单数量：0，停用地址数量：0，有效总数量：1
2026-08-12T10:17:28+00:00 INFO    [run=8f7b12caf5f847cbbe2bb4e357d636e8 phase=fetch event=progress.started] 正在进行获取EPG源  0/1
2026-08-12T10:17:29+00:00 INFO    [run=8f7b12caf5f847cbbe2bb4e357d636e8 phase=fetch event=progress.updated] 正在进行获取订阅源  1/16 (6%)  剩余 15
2026-08-12T10:17:29+00:00 INFO    [run=8f7b12caf5f847cbbe2bb4e357d636e8 phase=fetch event=progress.updated] 正在进行获取订阅源  3/16 (18%)  剩余 13
2026-08-12T10:17:29+00:00 INFO    [run=8f7b12caf5f847cbbe2bb4e357d636e8 phase=fetch event=progress.updated] 正在进行获取订阅源  5/16 (31%)  剩余 11
2026-08-12T10:17:29+00:00 INFO    [run=8f7b12caf5f847cbbe2bb4e357d636e8 phase=fetch event=epg.source_parsed] EPG 源解析完成：http://e.erw.cc/e.xml.gz，保留节目 4048 条
2026-08-12T10:17:29+00:00 INFO    [run=8f7b12caf5f847cbbe2bb4e357d636e8 phase=fetch event=progress.updated] 正在进行获取EPG源  1/1 (100%)  剩余 0
2026-08-12T10:17:29+00:00 INFO    [run=8f7b12caf5f847cbbe2bb4e357d636e8 phase=fetch event=sources.epg.finished] EPG源: ✅ 有效地址数量：1，⛔ 停用地址数量：0
2026-08-12T10:17:29+00:00 INFO    [run=8f7b12caf5f847cbbe2bb4e357d636e8 phase=fetch event=progress.finished] 正在进行获取EPG源  1/1  匹配 114 个频道
2026-08-12T10:17:30+00:00 INFO    [run=8f7b12caf5f847cbbe2bb4e357d636e8 phase=fetch event=progress.updated] 正在进行获取订阅源  7/16 (43%)  剩余 9
2026-08-12T10:17:30+00:00 INFO    [run=8f7b12caf5f847cbbe2bb4e357d636e8 phase=fetch event=progress.updated] 正在进行获取订阅源  9/16 (56%)  剩余 7
2026-08-12T10:17:31+00:00 INFO    [run=8f7b12caf5f847cbbe2bb4e357d636e8 phase=fetch event=progress.updated] 正在进行获取订阅源  11/16 (68%)  剩余 5
2026-08-12T10:17:31+00:00 INFO    [run=8f7b12caf5f847cbbe2bb4e357d636e8 phase=fetch event=progress.updated] 正在进行获取订阅源  13/16 (81%)  剩余 3
2026-08-12T10:17:31+00:00 WARNING [run=8f7b12caf5f847cbbe2bb4e357d636e8 phase=fetch event=request.retrying] 🔄 请求http://cms.supertv01.com/zhibo/iptv.txt失败，正在进行第1次重试...
2026-08-12T10:17:33+00:00 WARNING [run=8f7b12caf5f847cbbe2bb4e357d636e8 phase=fetch event=source.request_failed] 订阅源请求失败：❌ 请求http://cms.supertv01.com/zhibo/iptv.txt失败，已达到最大重试次数
2026-08-12T10:17:33+00:00 INFO    [run=8f7b12caf5f847cbbe2bb4e357d636e8 phase=fetch event=progress.updated] 正在进行获取订阅源  15/16 (93%)  剩余 1
2026-08-12T10:17:34+00:00 INFO    [run=8f7b12caf5f847cbbe2bb4e357d636e8 phase=fetch event=progress.updated] 正在进行获取订阅源  16/16 (100%)  剩余 0
2026-08-12T10:17:34+00:00 INFO    [run=8f7b12caf5f847cbbe2bb4e357d636e8 phase=fetch event=sources.subscribe.finished] 订阅源: ✅ 有效地址数量：16，⛔ 停用地址数量：0
2026-08-12T10:17:34+00:00 INFO    [run=8f7b12caf5f847cbbe2bb4e357d636e8 phase=fetch event=progress.finished] 正在进行获取订阅源  16/16  未匹配 10000
2026-08-12T10:20:10+00:00 INFO    [run=8f7b12caf5f847cbbe2bb4e357d636e8 phase=aggregate event=channels.aggregated] 频道数据聚合完成：477 个频道，24983 个接口（IPv4 24978 / IPv6 5）
2026-08-12T10:20:10+00:00 INFO    [run=8f7b12caf5f847cbbe2bb4e357d636e8 phase=speed_test event=speed_test.planned] 总接口数量: 11495, 需要进行测速的接口数量: 11491
2026-08-12T10:20:10+00:00 INFO    [run=8f7b12caf5f847cbbe2bb4e357d636e8 phase=speed_test event=progress.started] 测速  0/11491
2026-08-12T10:20:11+00:00 INFO    [run=8f7b12caf5f847cbbe2bb4e357d636e8 phase=speed_test event=progress.updated] 测速  1/11491 (0%)  有效 0  失败 1  CCTV-1
2026-08-12T10:20:41+00:00 INFO    [run=8f7b12caf5f847cbbe2bb4e357d636e8 phase=speed_test event=progress.updated] 测速  89/11491 (0%)  有效 30  失败 59  CCTV-5
2026-08-12T10:21:11+00:00 INFO    [run=8f7b12caf5f847cbbe2bb4e357d636e8 phase=speed_test event=progress.updated] 测速  162/11491 (1%)  有效 59  失败 103  CCTV-9
2026-08-12T10:21:41+00:00 INFO    [run=8f7b12caf5f847cbbe2bb4e357d636e8 phase=speed_test event=progress.updated] 测速  270/11491 (2%)  有效 120  失败 150  CETV-2
2026-08-12T10:22:15+00:00 INFO    [run=8f7b12caf5f847cbbe2bb4e357d636e8 phase=speed_test event=progress.updated] 测速  334/11491 (2%)  有效 121  失败 213  CETV-4
2026-08-12T10:22:46+00:00 INFO    [run=8f7b12caf5f847cbbe2bb4e357d636e8 phase=speed_test event=progress.updated] 测速  400/11491 (3%)  有效 123  失败 277  文化精品
2026-08-12T10:23:16+00:00 INFO    [run=8f7b12caf5f847cbbe2bb4e357d636e8 phase=speed_test event=progress.updated] 测速  516/11491 (4%)  有效 202  失败 314  CGTN阿语
2026-08-12T10:23:46+00:00 INFO    [run=8f7b12caf5f847cbbe2bb4e357d636e8 phase=speed_test event=progress.updated] 测速  618/11491 (5%)  有效 215  失败 403  武汉新闻综合
2026-08-12T10:24:16+00:00 INFO    [run=8f7b12caf5f847cbbe2bb4e357d636e8 phase=speed_test event=progress.updated] 测速  694/11491 (6%)  有效 236  失败 458  江苏卫视
2026-08-12T10:24:46+00:00 INFO    [run=8f7b12caf5f847cbbe2bb4e357d636e8 phase=speed_test event=progress.updated] 测速  797/11491 (6%)  有效 296  失败 501  辽宁卫视
2026-08-12T10:25:17+00:00 INFO    [run=8f7b12caf5f847cbbe2bb4e357d636e8 phase=speed_test event=progress.updated] 测速  899/11491 (7%)  有效 348  失败 551  湖北卫视
2026-08-12T10:25:47+00:00 INFO    [run=8f7b12caf5f847cbbe2bb4e357d636e8 phase=speed_test event=progress.updated] 测速  1000/11491 (8%)  有效 409  失败 591  新疆卫视
2026-08-12T10:26:17+00:00 INFO    [run=8f7b12caf5f847cbbe2bb4e357d636e8 phase=speed_test event=progress.updated] 测速  1126/11491 (9%)  有效 483  失败 643  凤凰中文
2026-08-12T10:26:47+00:00 INFO    [run=8f7b12caf5f847cbbe2bb4e357d636e8 phase=speed_test event=progress.updated] 测速  1225/11491 (10%)  有效 504  失败 721  Viutv
2026-08-12T10:27:18+00:00 INFO    [run=8f7b12caf5f847cbbe2bb4e357d636e8 phase=speed_test event=progress.updated] 测速  1322/11491 (11%)  有效 542  失败 780  大时代
2026-08-12T10:27:48+00:00 INFO    [run=8f7b12caf5f847cbbe2bb4e357d636e8 phase=speed_test event=progress.updated] 测速  1388/11491 (12%)  有效 573  失败 815  神雕侠侣
2026-08-12T10:28:18+00:00 INFO    [run=8f7b12caf5f847cbbe2bb4e357d636e8 phase=speed_test event=progress.updated] 测速  1449/11491 (12%)  有效 592  失败 857  将夜轮播
2026-08-12T10:28:48+00:00 INFO    [run=8f7b12caf5f847cbbe2bb4e357d636e8 phase=speed_test event=progress.updated] 测速  1576/11491 (13%)  有效 611  失败 965  星空卫视
2026-08-12T10:29:19+00:00 INFO    [run=8f7b12caf5f847cbbe2bb4e357d636e8 phase=speed_test event=progress.updated] 测速  1651/11491 (14%)  有效 615  失败 1036  睛彩竞技
2026-08-12T10:29:50+00:00 INFO    [run=8f7b12caf5f847cbbe2bb4e357d636e8 phase=speed_test event=progress.updated] 测速  1723/11491 (14%)  有效 636  失败 1087  武术世界
2026-08-12T10:30:21+00:00 INFO    [run=8f7b12caf5f847cbbe2bb4e357d636e8 phase=speed_test event=progress.updated] 测速  1827/11491 (15%)  有效 646  失败 1181  精品体育
2026-08-12T10:30:52+00:00 INFO    [run=8f7b12caf5f847cbbe2bb4e357d636e8 phase=speed_test event=progress.updated] 测速  1880/11491 (16%)  有效 655  失败 1225  睛彩羽毛球
2026-08-12T10:31:19+00:00 INFO    [run=8f7b12caf5f847cbbe2bb4e357d636e8 phase=speed_test event=speed_test.artifacts_written] 测速明细已写入 output/log/speed_test.log，有效结果已写入 output/log/result.log
2026-08-12T10:31:19+00:00 INFO    [run=8f7b12caf5f847cbbe2bb4e357d636e8 phase=speed_test event=progress.finished] 测速  11491/11491  有效 667  失败 1278
2026-08-12T10:31:20+00:00 INFO    [run=8f7b12caf5f847cbbe2bb4e357d636e8 phase=output event=output.written] 结果文件生成完成：更新 3 个文件
2026-08-12T10:31:21+00:00 INFO    [run=8f7b12caf5f847cbbe2bb4e357d636e8 phase=statistics event=statistics.finished] 频道统计完成：测试 1945，有效 667
2026-08-12T10:31:21+00:00 INFO    [run=8f7b12caf5f847cbbe2bb4e357d636e8 phase=complete event=run.summary] 更新摘要
2026-08-12T10:31:21+00:00 INFO    [run=8f7b12caf5f847cbbe2bb4e357d636e8 phase=complete event=run.finished] 更新完成！总耗时：13:53
2026-08-13T04:15:40+00:00 INFO    [event=application.started] IPTV-API 版本: 3.0.0 (构建时间: 2026-08-07 11:45:59)
2026-08-13T04:15:40+00:00 INFO    [phase=prepare event=network.ipv6.checking] 🛜 正在检查当前网络是否支持IPv6...
2026-08-13T04:15:40+00:00 WARNING [phase=prepare event=network.ipv6.unsupported] 当前网络不支持IPv6，别担心，IPv6的结果会被保存下来
2026-08-13T04:15:40+00:00 INFO    [run=3560aa1e3a54423ebbb4eefdb8e8a3dc phase=prepare event=run.started] 性能模式: auto → balance，可用资源: 4.0 CPU / 15.61 GB，并发: 测速 8、媒体探测 2、源抓取 8
2026-08-13T04:15:40+00:00 INFO    [run=3560aa1e3a54423ebbb4eefdb8e8a3dc phase=prepare event=channels.catalog_loaded] 频道目录已加载：白名单 0，黑名单 14，台标 21
2026-08-13T04:15:41+00:00 INFO    [run=3560aa1e3a54423ebbb4eefdb8e8a3dc phase=fetch event=sources.subscribe.summary] 订阅源数量：16，订阅白名单数量：0，停用地址数量：0，有效总数量：16
2026-08-13T04:15:41+00:00 INFO    [run=3560aa1e3a54423ebbb4eefdb8e8a3dc phase=fetch event=progress.started] 正在进行获取订阅源  0/16
2026-08-13T04:15:41+00:00 INFO    [run=3560aa1e3a54423ebbb4eefdb8e8a3dc phase=fetch event=sources.epg.summary] EPG源数量：1，EPG白名单数量：0，停用地址数量：0，有效总数量：1
2026-08-13T04:15:41+00:00 INFO    [run=3560aa1e3a54423ebbb4eefdb8e8a3dc phase=fetch event=progress.started] 正在进行获取EPG源  0/1
2026-08-13T04:15:42+00:00 INFO    [run=3560aa1e3a54423ebbb4eefdb8e8a3dc phase=fetch event=progress.updated] 正在进行获取订阅源  1/16 (6%)  剩余 15
2026-08-13T04:15:42+00:00 INFO    [run=3560aa1e3a54423ebbb4eefdb8e8a3dc phase=fetch event=progress.updated] 正在进行获取订阅源  3/16 (18%)  剩余 13
2026-08-13T04:15:42+00:00 INFO    [run=3560aa1e3a54423ebbb4eefdb8e8a3dc phase=fetch event=epg.source_parsed] EPG 源解析完成：http://e.erw.cc/e.xml.gz，保留节目 4046 条
2026-08-13T04:15:42+00:00 INFO    [run=3560aa1e3a54423ebbb4eefdb8e8a3dc phase=fetch event=progress.updated] 正在进行获取EPG源  1/1 (100%)  剩余 0
2026-08-13T04:15:42+00:00 INFO    [run=3560aa1e3a54423ebbb4eefdb8e8a3dc phase=fetch event=progress.updated] 正在进行获取订阅源  5/16 (31%)  剩余 11
2026-08-13T04:15:42+00:00 INFO    [run=3560aa1e3a54423ebbb4eefdb8e8a3dc phase=fetch event=sources.epg.finished] EPG源: ✅ 有效地址数量：1，⛔ 停用地址数量：0
2026-08-13T04:15:42+00:00 INFO    [run=3560aa1e3a54423ebbb4eefdb8e8a3dc phase=fetch event=progress.finished] 正在进行获取EPG源  1/1  匹配 114 个频道
2026-08-13T04:15:43+00:00 INFO    [run=3560aa1e3a54423ebbb4eefdb8e8a3dc phase=fetch event=progress.updated] 正在进行获取订阅源  7/16 (43%)  剩余 9
2026-08-13T04:15:43+00:00 INFO    [run=3560aa1e3a54423ebbb4eefdb8e8a3dc phase=fetch event=progress.updated] 正在进行获取订阅源  9/16 (56%)  剩余 7
2026-08-13T04:15:43+00:00 INFO    [run=3560aa1e3a54423ebbb4eefdb8e8a3dc phase=fetch event=progress.updated] 正在进行获取订阅源  11/16 (68%)  剩余 5
2026-08-13T04:15:43+00:00 INFO    [run=3560aa1e3a54423ebbb4eefdb8e8a3dc phase=fetch event=progress.updated] 正在进行获取订阅源  13/16 (81%)  剩余 3
2026-08-13T04:15:44+00:00 WARNING [run=3560aa1e3a54423ebbb4eefdb8e8a3dc phase=fetch event=request.retrying] 🔄 请求http://cms.supertv01.com/zhibo/iptv.txt失败，正在进行第1次重试...
2026-08-13T04:15:45+00:00 WARNING [run=3560aa1e3a54423ebbb4eefdb8e8a3dc phase=fetch event=source.request_failed] 订阅源请求失败：❌ 请求http://cms.supertv01.com/zhibo/iptv.txt失败，已达到最大重试次数
2026-08-13T04:15:45+00:00 INFO    [run=3560aa1e3a54423ebbb4eefdb8e8a3dc phase=fetch event=progress.updated] 正在进行获取订阅源  15/16 (93%)  剩余 1
2026-08-13T04:15:47+00:00 INFO    [run=3560aa1e3a54423ebbb4eefdb8e8a3dc phase=fetch event=progress.updated] 正在进行获取订阅源  16/16 (100%)  剩余 0
2026-08-13T04:15:47+00:00 INFO    [run=3560aa1e3a54423ebbb4eefdb8e8a3dc phase=fetch event=sources.subscribe.finished] 订阅源: ✅ 有效地址数量：16，⛔ 停用地址数量：0
2026-08-13T04:15:47+00:00 INFO    [run=3560aa1e3a54423ebbb4eefdb8e8a3dc phase=fetch event=progress.finished] 正在进行获取订阅源  16/16  未匹配 10000
2026-08-13T04:18:10+00:00 INFO    [run=3560aa1e3a54423ebbb4eefdb8e8a3dc phase=aggregate event=channels.aggregated] 频道数据聚合完成：477 个频道，25713 个接口（IPv4 24699 / IPv6 1014）
2026-08-13T04:18:10+00:00 INFO    [run=3560aa1e3a54423ebbb4eefdb8e8a3dc phase=speed_test event=speed_test.planned] 总接口数量: 12328, 需要进行测速的接口数量: 11372
2026-08-13T04:18:10+00:00 INFO    [run=3560aa1e3a54423ebbb4eefdb8e8a3dc phase=speed_test event=progress.started] 测速  0/11372
2026-08-13T04:18:11+00:00 INFO    [run=3560aa1e3a54423ebbb4eefdb8e8a3dc phase=speed_test event=progress.updated] 测速  1/11372 (0%)  有效 0  失败 1  CCTV-1
2026-08-13T04:18:41+00:00 INFO    [run=3560aa1e3a54423ebbb4eefdb8e8a3dc phase=speed_test event=progress.updated] 测速  91/11372 (0%)  有效 34  失败 57  CCTV-5+
2026-08-13T04:19:11+00:00 INFO    [run=3560aa1e3a54423ebbb4eefdb8e8a3dc phase=speed_test event=progress.updated] 测速  167/11372 (1%)  有效 64  失败 103  CCTV-10
2026-08-13T04:19:41+00:00 INFO    [run=3560aa1e3a54423ebbb4eefdb8e8a3dc phase=speed_test event=progress.updated] 测速  249/11372 (2%)  有效 103  失败 146  CCTV-16
2026-08-13T04:20:12+00:00 INFO    [run=3560aa1e3a54423ebbb4eefdb8e8a3dc phase=speed_test event=progress.updated] 测速  333/11372 (2%)  有效 119  失败 214  CETV-3
2026-08-13T04:20:42+00:00 INFO    [run=3560aa1e3a54423ebbb4eefdb8e8a3dc phase=speed_test event=progress.updated] 测速  394/11372 (3%)  有效 123  失败 271  CETV-4
2026-08-13T04:21:12+00:00 INFO    [run=3560aa1e3a54423ebbb4eefdb8e8a3dc phase=speed_test event=progress.updated] 测速  461/11372 (4%)  有效 136  失败 325  央视台球
2026-08-13T04:21:42+00:00 INFO    [run=3560aa1e3a54423ebbb4eefdb8e8a3dc phase=speed_test event=progress.updated] 测速  575/11372 (5%)  有效 216  失败 359  湖北卫视4K
2026-08-13T04:22:12+00:00 INFO    [run=3560aa1e3a54423ebbb4eefdb8e8a3dc phase=speed_test event=progress.updated] 测速  670/11372 (5%)  有效 223  失败 447  湖北垄上
2026-08-13T04:22:42+00:00 INFO    [run=3560aa1e3a54423ebbb4eefdb8e8a3dc phase=speed_test event=progress.updated] 测速  868/11372 (7%)  有效 369  失败 499  东南卫视
2026-08-13T04:23:14+00:00 INFO    [run=3560aa1e3a54423ebbb4eefdb8e8a3dc phase=speed_test event=progress.updated] 测速  1033/11372 (9%)  有效 472  失败 561  凤凰中文
2026-08-13T04:23:44+00:00 INFO    [run=3560aa1e3a54423ebbb4eefdb8e8a3dc phase=speed_test event=progress.updated] 测速  1185/11372 (10%)  有效 522  失败 663  CHC动作电影
2026-08-13T04:24:14+00:00 INFO    [run=3560aa1e3a54423ebbb4eefdb8e8a3dc phase=speed_test event=progress.updated] 测速  1261/11372 (11%)  有效 551  失败 710  黑帮斗争
2026-08-13T04:24:45+00:00 INFO    [run=3560aa1e3a54423ebbb4eefdb8e8a3dc phase=speed_test event=progress.updated] 测速  1322/11372 (11%)  有效 585  失败 737  绝代双娇
2026-08-13T04:25:15+00:00 INFO    [run=3560aa1e3a54423ebbb4eefdb8e8a3dc phase=speed_test event=progress.updated] 测速  1387/11372 (12%)  有效 610  失败 777  韩国剧专区
2026-08-13T04:25:45+00:00 INFO    [run=3560aa1e3a54423ebbb4eefdb8e8a3dc phase=speed_test event=progress.updated] 测速  1525/11372 (13%)  有效 629  失败 896  睛彩篮球
2026-08-13T04:26:15+00:00 INFO    [run=3560aa1e3a54423ebbb4eefdb8e8a3dc phase=speed_test event=progress.updated] 测速  1602/11372 (14%)  有效 638  失败 964  睛彩竞技
2026-08-13T04:26:46+00:00 INFO    [run=3560aa1e3a54423ebbb4eefdb8e8a3dc phase=speed_test event=progress.updated] 测速  1686/11372 (14%)  有效 664  失败 1022  智林体育
2026-08-13T04:27:16+00:00 INFO    [run=3560aa1e3a54423ebbb4eefdb8e8a3dc phase=speed_test event=progress.updated] 测速  1710/11372 (15%)  有效 664  失败 1046  咪咕直播23
2026-08-13T04:27:47+00:00 INFO    [run=3560aa1e3a54423ebbb4eefdb8e8a3dc phase=speed_test event=progress.updated] 测速  1771/11372 (15%)  有效 673  失败 1098  福建体育
2026-08-13T04:28:17+00:00 INFO    [run=3560aa1e3a54423ebbb4eefdb8e8a3dc phase=speed_test event=progress.updated] 测速  1830/11372 (16%)  有效 679  失败 1151  魅力足球
2026-08-13T04:28:30+00:00 INFO    [run=3560aa1e3a54423ebbb4eefdb8e8a3dc phase=speed_test event=speed_test.artifacts_written] 测速明细已写入 output/log/speed_test.log，有效结果已写入 output/log/result.log
2026-08-13T04:28:30+00:00 INFO    [run=3560aa1e3a54423ebbb4eefdb8e8a3dc phase=speed_test event=progress.finished] 测速  11372/11372  有效 689  失败 1177
2026-08-13T04:28:31+00:00 INFO    [run=3560aa1e3a54423ebbb4eefdb8e8a3dc phase=output event=output.written] 结果文件生成完成：更新 3 个文件
2026-08-13T04:28:33+00:00 INFO    [run=3560aa1e3a54423ebbb4eefdb8e8a3dc phase=statistics event=statistics.finished] 频道统计完成：测试 1866，有效 689
2026-08-13T04:28:33+00:00 INFO    [run=3560aa1e3a54423ebbb4eefdb8e8a3dc phase=complete event=run.summary] 更新摘要
2026-08-13T04:28:33+00:00 INFO    [run=3560aa1e3a54423ebbb4eefdb8e8a3dc phase=complete event=run.finished] 更新完成！总耗时：12:52
2026-08-14T04:11:37+00:00 INFO    [event=application.started] IPTV-API 版本: 3.0.0 (构建时间: 2026-08-07 11:45:59)
2026-08-14T04:11:37+00:00 INFO    [phase=prepare event=network.ipv6.checking] 🛜 正在检查当前网络是否支持IPv6...
2026-08-14T04:11:37+00:00 WARNING [phase=prepare event=network.ipv6.unsupported] 当前网络不支持IPv6，别担心，IPv6的结果会被保存下来
2026-08-14T04:11:37+00:00 INFO    [run=ac03c4c0f1b34681881f7c98efdf6038 phase=prepare event=run.started] 性能模式: auto → balance，可用资源: 4.0 CPU / 15.62 GB，并发: 测速 8、媒体探测 2、源抓取 8
2026-08-14T04:11:37+00:00 INFO    [run=ac03c4c0f1b34681881f7c98efdf6038 phase=prepare event=channels.catalog_loaded] 频道目录已加载：白名单 0，黑名单 14，台标 21
2026-08-14T04:11:37+00:00 INFO    [run=ac03c4c0f1b34681881f7c98efdf6038 phase=fetch event=sources.subscribe.summary] 订阅源数量：16，订阅白名单数量：0，停用地址数量：0，有效总数量：16
2026-08-14T04:11:37+00:00 INFO    [run=ac03c4c0f1b34681881f7c98efdf6038 phase=fetch event=progress.started] 正在进行获取订阅源  0/16
2026-08-14T04:11:37+00:00 INFO    [run=ac03c4c0f1b34681881f7c98efdf6038 phase=fetch event=sources.epg.summary] EPG源数量：1，EPG白名单数量：0，停用地址数量：0，有效总数量：1
2026-08-14T04:11:37+00:00 INFO    [run=ac03c4c0f1b34681881f7c98efdf6038 phase=fetch event=progress.started] 正在进行获取EPG源  0/1
2026-08-14T04:11:39+00:00 INFO    [run=ac03c4c0f1b34681881f7c98efdf6038 phase=fetch event=progress.updated] 正在进行获取订阅源  1/16 (6%)  剩余 15
2026-08-14T04:11:39+00:00 INFO    [run=ac03c4c0f1b34681881f7c98efdf6038 phase=fetch event=progress.updated] 正在进行获取订阅源  3/16 (18%)  剩余 13
2026-08-14T04:11:39+00:00 INFO    [run=ac03c4c0f1b34681881f7c98efdf6038 phase=fetch event=epg.source_parsed] EPG 源解析完成：http://e.erw.cc/e.xml.gz，保留节目 4030 条
2026-08-14T04:11:39+00:00 INFO    [run=ac03c4c0f1b34681881f7c98efdf6038 phase=fetch event=progress.updated] 正在进行获取EPG源  1/1 (100%)  剩余 0
2026-08-14T04:11:39+00:00 INFO    [run=ac03c4c0f1b34681881f7c98efdf6038 phase=fetch event=progress.updated] 正在进行获取订阅源  5/16 (31%)  剩余 11
2026-08-14T04:11:39+00:00 INFO    [run=ac03c4c0f1b34681881f7c98efdf6038 phase=fetch event=progress.updated] 正在进行获取订阅源  7/16 (43%)  剩余 9
2026-08-14T04:11:39+00:00 INFO    [run=ac03c4c0f1b34681881f7c98efdf6038 phase=fetch event=sources.epg.finished] EPG源: ✅ 有效地址数量：1，⛔ 停用地址数量：0
2026-08-14T04:11:39+00:00 INFO    [run=ac03c4c0f1b34681881f7c98efdf6038 phase=fetch event=progress.finished] 正在进行获取EPG源  1/1  匹配 114 个频道
2026-08-14T04:11:40+00:00 INFO    [run=ac03c4c0f1b34681881f7c98efdf6038 phase=fetch event=progress.updated] 正在进行获取订阅源  9/16 (56%)  剩余 7
2026-08-14T04:11:40+00:00 INFO    [run=ac03c4c0f1b34681881f7c98efdf6038 phase=fetch event=progress.updated] 正在进行获取订阅源  11/16 (68%)  剩余 5
2026-08-14T04:11:41+00:00 INFO    [run=ac03c4c0f1b34681881f7c98efdf6038 phase=fetch event=progress.updated] 正在进行获取订阅源  13/16 (81%)  剩余 3
2026-08-14T04:11:41+00:00 WARNING [run=ac03c4c0f1b34681881f7c98efdf6038 phase=fetch event=request.retrying] 🔄 请求http://cms.supertv01.com/zhibo/iptv.txt失败，正在进行第1次重试...
2026-08-14T04:11:43+00:00 INFO    [run=ac03c4c0f1b34681881f7c98efdf6038 phase=fetch event=progress.updated] 正在进行获取订阅源  15/16 (93%)  剩余 1
2026-08-14T04:11:43+00:00 WARNING [run=ac03c4c0f1b34681881f7c98efdf6038 phase=fetch event=source.request_failed] 订阅源请求失败：❌ 请求http://cms.supertv01.com/zhibo/iptv.txt失败，已达到最大重试次数
2026-08-14T04:11:43+00:00 INFO    [run=ac03c4c0f1b34681881f7c98efdf6038 phase=fetch event=progress.updated] 正在进行获取订阅源  16/16 (100%)  剩余 0
2026-08-14T04:11:43+00:00 INFO    [run=ac03c4c0f1b34681881f7c98efdf6038 phase=fetch event=sources.subscribe.finished] 订阅源: ✅ 有效地址数量：16，⛔ 停用地址数量：0
2026-08-14T04:11:43+00:00 INFO    [run=ac03c4c0f1b34681881f7c98efdf6038 phase=fetch event=progress.finished] 正在进行获取订阅源  16/16  未匹配 10000
2026-08-14T04:14:25+00:00 INFO    [run=ac03c4c0f1b34681881f7c98efdf6038 phase=aggregate event=channels.aggregated] 频道数据聚合完成：477 个频道，25087 个接口（IPv4 24375 / IPv6 712）
2026-08-14T04:14:25+00:00 INFO    [run=ac03c4c0f1b34681881f7c98efdf6038 phase=speed_test event=speed_test.planned] 总接口数量: 11585, 需要进行测速的接口数量: 11243
2026-08-14T04:14:25+00:00 INFO    [run=ac03c4c0f1b34681881f7c98efdf6038 phase=speed_test event=progress.started] 测速  0/11243
2026-08-14T04:14:26+00:00 INFO    [run=ac03c4c0f1b34681881f7c98efdf6038 phase=speed_test event=progress.updated] 测速  1/11243 (0%)  有效 0  失败 1  CCTV-1
2026-08-14T04:14:57+00:00 INFO    [run=ac03c4c0f1b34681881f7c98efdf6038 phase=speed_test event=progress.updated] 测速  142/11243 (1%)  有效 74  失败 68  CCTV-11
2026-08-14T04:15:27+00:00 INFO    [run=ac03c4c0f1b34681881f7c98efdf6038 phase=speed_test event=progress.updated] 测速  242/11243 (2%)  有效 111  失败 131  CCTV-15
2026-08-14T04:15:57+00:00 INFO    [run=ac03c4c0f1b34681881f7c98efdf6038 phase=speed_test event=progress.updated] 测速  318/11243 (2%)  有效 121  失败 197  CETV-4
2026-08-14T04:16:28+00:00 INFO    [run=ac03c4c0f1b34681881f7c98efdf6038 phase=speed_test event=progress.updated] 测速  386/11243 (3%)  有效 123  失败 263  CETV-4
2026-08-14T04:16:58+00:00 INFO    [run=ac03c4c0f1b34681881f7c98efdf6038 phase=speed_test event=progress.updated] 测速  496/11243 (4%)  有效 189  失败 307  高尔夫网球
2026-08-14T04:17:28+00:00 INFO    [run=ac03c4c0f1b34681881f7c98efdf6038 phase=speed_test event=progress.updated] 测速  608/11243 (5%)  有效 222  失败 386  湖北教育
2026-08-14T04:17:58+00:00 INFO    [run=ac03c4c0f1b34681881f7c98efdf6038 phase=speed_test event=progress.updated] 测速  728/11243 (6%)  有效 288  失败 440  天津卫视
2026-08-14T04:18:29+00:00 INFO    [run=ac03c4c0f1b34681881f7c98efdf6038 phase=speed_test event=progress.updated] 测速  833/11243 (7%)  有效 342  失败 491  湖北卫视
2026-08-14T04:18:59+00:00 INFO    [run=ac03c4c0f1b34681881f7c98efdf6038 phase=speed_test event=progress.updated] 测速  889/11243 (7%)  有效 342  失败 547  湖北卫视
2026-08-14T04:19:29+00:00 INFO    [run=ac03c4c0f1b34681881f7c98efdf6038 phase=speed_test event=progress.updated] 测速  983/11243 (8%)  有效 388  失败 595  陕西卫视
2026-08-14T04:20:00+00:00 INFO    [run=ac03c4c0f1b34681881f7c98efdf6038 phase=speed_test event=progress.updated] 测速  1119/11243 (9%)  有效 458  失败 661  凤凰中文
2026-08-14T04:20:30+00:00 INFO    [run=ac03c4c0f1b34681881f7c98efdf6038 phase=speed_test event=progress.updated] 测速  1214/11243 (10%)  有效 471  失败 743  纬来体育
2026-08-14T04:21:01+00:00 INFO    [run=ac03c4c0f1b34681881f7c98efdf6038 phase=speed_test event=progress.updated] 测速  1337/11243 (11%)  有效 514  失败 823  李连杰
2026-08-14T04:21:31+00:00 INFO    [run=ac03c4c0f1b34681881f7c98efdf6038 phase=speed_test event=progress.updated] 测速  1400/11243 (12%)  有效 541  失败 859  枪战轮播
2026-08-14T04:22:02+00:00 INFO    [run=ac03c4c0f1b34681881f7c98efdf6038 phase=speed_test event=progress.updated] 测速  1470/11243 (13%)  有效 568  失败 902  JJ斗地主
2026-08-14T04:22:32+00:00 INFO    [run=ac03c4c0f1b34681881f7c98efdf6038 phase=speed_test event=progress.updated] 测速  1531/11243 (13%)  有效 592  失败 939  淘剧场
2026-08-14T04:23:02+00:00 INFO    [run=ac03c4c0f1b34681881f7c98efdf6038 phase=speed_test event=progress.updated] 测速  1673/11243 (14%)  有效 605  失败 1068  睛彩篮球
2026-08-14T04:23:32+00:00 INFO    [run=ac03c4c0f1b34681881f7c98efdf6038 phase=speed_test event=progress.updated] 测速  1747/11243 (15%)  有效 613  失败 1134  睛彩竞技
2026-08-14T04:24:02+00:00 INFO    [run=ac03c4c0f1b34681881f7c98efdf6038 phase=speed_test event=progress.updated] 测速  1822/11243 (16%)  有效 624  失败 1198  广东体育
2026-08-14T04:24:33+00:00 INFO    [run=ac03c4c0f1b34681881f7c98efdf6038 phase=speed_test event=progress.updated] 测速  1926/11243 (17%)  有效 636  失败 1290  体育赛事
2026-08-14T04:25:03+00:00 INFO    [run=ac03c4c0f1b34681881f7c98efdf6038 phase=speed_test event=progress.updated] 测速  1995/11243 (17%)  有效 645  失败 1350  天津体育
2026-08-14T04:25:33+00:00 INFO    [run=ac03c4c0f1b34681881f7c98efdf6038 phase=speed_test event=progress.updated] 测速  2051/11243 (18%)  有效 652  失败 1399  天元围棋
2026-08-14T04:25:45+00:00 INFO    [run=ac03c4c0f1b34681881f7c98efdf6038 phase=speed_test event=speed_test.artifacts_written] 测速明细已写入 output/log/speed_test.log，有效结果已写入 output/log/result.log
2026-08-14T04:25:45+00:00 INFO    [run=ac03c4c0f1b34681881f7c98efdf6038 phase=speed_test event=progress.finished] 测速  11243/11243  有效 659  失败 1421
2026-08-14T04:25:45+00:00 INFO    [run=ac03c4c0f1b34681881f7c98efdf6038 phase=output event=output.written] 结果文件生成完成：更新 3 个文件
2026-08-14T04:25:47+00:00 INFO    [run=ac03c4c0f1b34681881f7c98efdf6038 phase=statistics event=statistics.finished] 频道统计完成：测试 2080，有效 659
2026-08-14T04:25:47+00:00 INFO    [run=ac03c4c0f1b34681881f7c98efdf6038 phase=complete event=run.summary] 更新摘要
2026-08-14T04:25:47+00:00 INFO    [run=ac03c4c0f1b34681881f7c98efdf6038 phase=complete event=run.finished] 更新完成！总耗时：14:09
2026-08-15T02:54:47+00:00 INFO    [event=application.started] IPTV-API 版本: 3.0.0 (构建时间: 2026-08-07 11:45:59)
2026-08-15T02:54:47+00:00 INFO    [phase=prepare event=network.ipv6.checking] 🛜 正在检查当前网络是否支持IPv6...
2026-08-15T02:54:47+00:00 WARNING [phase=prepare event=network.ipv6.unsupported] 当前网络不支持IPv6，别担心，IPv6的结果会被保存下来
2026-08-15T02:54:47+00:00 INFO    [run=6416fe53a06f41c4874f0c5067a7387d phase=prepare event=run.started] 性能模式: auto → balance，可用资源: 4.0 CPU / 15.61 GB，并发: 测速 8、媒体探测 2、源抓取 8
2026-08-15T02:54:47+00:00 INFO    [run=6416fe53a06f41c4874f0c5067a7387d phase=prepare event=channels.catalog_loaded] 频道目录已加载：白名单 0，黑名单 14，台标 21
2026-08-15T02:54:48+00:00 INFO    [run=6416fe53a06f41c4874f0c5067a7387d phase=fetch event=sources.subscribe.summary] 订阅源数量：16，订阅白名单数量：0，停用地址数量：0，有效总数量：16
2026-08-15T02:54:48+00:00 INFO    [run=6416fe53a06f41c4874f0c5067a7387d phase=fetch event=progress.started] 正在进行获取订阅源  0/16
2026-08-15T02:54:48+00:00 INFO    [run=6416fe53a06f41c4874f0c5067a7387d phase=fetch event=sources.epg.summary] EPG源数量：1，EPG白名单数量：0，停用地址数量：0，有效总数量：1
2026-08-15T02:54:48+00:00 INFO    [run=6416fe53a06f41c4874f0c5067a7387d phase=fetch event=progress.started] 正在进行获取EPG源  0/1
2026-08-15T02:54:49+00:00 INFO    [run=6416fe53a06f41c4874f0c5067a7387d phase=fetch event=progress.updated] 正在进行获取订阅源  1/16 (6%)  剩余 15
2026-08-15T02:54:49+00:00 INFO    [run=6416fe53a06f41c4874f0c5067a7387d phase=fetch event=epg.source_parsed] EPG 源解析完成：http://e.erw.cc/e.xml.gz，保留节目 3937 条
2026-08-15T02:54:49+00:00 INFO    [run=6416fe53a06f41c4874f0c5067a7387d phase=fetch event=progress.updated] 正在进行获取EPG源  1/1 (100%)  剩余 0
2026-08-15T02:54:49+00:00 INFO    [run=6416fe53a06f41c4874f0c5067a7387d phase=fetch event=progress.updated] 正在进行获取订阅源  3/16 (18%)  剩余 13
2026-08-15T02:54:49+00:00 INFO    [run=6416fe53a06f41c4874f0c5067a7387d phase=fetch event=progress.updated] 正在进行获取订阅源  5/16 (31%)  剩余 11
2026-08-15T02:54:49+00:00 INFO    [run=6416fe53a06f41c4874f0c5067a7387d phase=fetch event=sources.epg.finished] EPG源: ✅ 有效地址数量：1，⛔ 停用地址数量：0
2026-08-15T02:54:49+00:00 INFO    [run=6416fe53a06f41c4874f0c5067a7387d phase=fetch event=progress.finished] 正在进行获取EPG源  1/1  匹配 114 个频道
2026-08-15T02:54:50+00:00 INFO    [run=6416fe53a06f41c4874f0c5067a7387d phase=fetch event=progress.updated] 正在进行获取订阅源  7/16 (43%)  剩余 9
2026-08-15T02:54:50+00:00 INFO    [run=6416fe53a06f41c4874f0c5067a7387d phase=fetch event=progress.updated] 正在进行获取订阅源  9/16 (56%)  剩余 7
2026-08-15T02:54:50+00:00 INFO    [run=6416fe53a06f41c4874f0c5067a7387d phase=fetch event=progress.updated] 正在进行获取订阅源  11/16 (68%)  剩余 5
2026-08-15T02:54:51+00:00 INFO    [run=6416fe53a06f41c4874f0c5067a7387d phase=fetch event=progress.updated] 正在进行获取订阅源  13/16 (81%)  剩余 3
2026-08-15T02:54:51+00:00 WARNING [run=6416fe53a06f41c4874f0c5067a7387d phase=fetch event=request.retrying] 🔄 请求http://cms.supertv01.com/zhibo/iptv.txt失败，正在进行第1次重试...
2026-08-15T02:54:52+00:00 INFO    [run=6416fe53a06f41c4874f0c5067a7387d phase=fetch event=progress.updated] 正在进行获取订阅源  15/16 (93%)  剩余 1
2026-08-15T02:54:52+00:00 WARNING [run=6416fe53a06f41c4874f0c5067a7387d phase=fetch event=source.request_failed] 订阅源请求失败：❌ 请求http://cms.supertv01.com/zhibo/iptv.txt失败，已达到最大重试次数
2026-08-15T02:54:52+00:00 INFO    [run=6416fe53a06f41c4874f0c5067a7387d phase=fetch event=progress.updated] 正在进行获取订阅源  16/16 (100%)  剩余 0
2026-08-15T02:54:52+00:00 INFO    [run=6416fe53a06f41c4874f0c5067a7387d phase=fetch event=sources.subscribe.finished] 订阅源: ✅ 有效地址数量：16，⛔ 停用地址数量：0
2026-08-15T02:54:52+00:00 INFO    [run=6416fe53a06f41c4874f0c5067a7387d phase=fetch event=progress.finished] 正在进行获取订阅源  16/16  未匹配 10000
2026-08-15T02:57:01+00:00 INFO    [run=6416fe53a06f41c4874f0c5067a7387d phase=aggregate event=channels.aggregated] 频道数据聚合完成：477 个频道，25135 个接口（IPv4 23514 / IPv6 1621）
2026-08-15T02:57:01+00:00 INFO    [run=6416fe53a06f41c4874f0c5067a7387d phase=speed_test event=speed_test.planned] 总接口数量: 12072, 需要进行测速的接口数量: 10831
2026-08-15T02:57:01+00:00 INFO    [run=6416fe53a06f41c4874f0c5067a7387d phase=speed_test event=progress.started] 测速  0/10831
2026-08-15T02:57:02+00:00 INFO    [run=6416fe53a06f41c4874f0c5067a7387d phase=speed_test event=progress.updated] 测速  1/10831 (0%)  有效 0  失败 1  CCTV-1
2026-08-15T02:57:33+00:00 INFO    [run=6416fe53a06f41c4874f0c5067a7387d phase=speed_test event=progress.updated] 测速  95/10831 (0%)  有效 41  失败 54  CCTV-7
2026-08-15T02:58:04+00:00 INFO    [run=6416fe53a06f41c4874f0c5067a7387d phase=speed_test event=progress.updated] 测速  215/10831 (1%)  有效 108  失败 107  CCTV-16
2026-08-15T02:58:34+00:00 INFO    [run=6416fe53a06f41c4874f0c5067a7387d phase=speed_test event=progress.updated] 测速  282/10831 (2%)  有效 115  失败 167  CETV-2
2026-08-15T02:59:05+00:00 INFO    [run=6416fe53a06f41c4874f0c5067a7387d phase=speed_test event=progress.updated] 测速  340/10831 (3%)  有效 123  失败 217  CCTV4欧洲
2026-08-15T02:59:35+00:00 INFO    [run=6416fe53a06f41c4874f0c5067a7387d phase=speed_test event=progress.updated] 测速  435/10831 (4%)  有效 183  失败 252  高尔夫网球
2026-08-15T03:00:05+00:00 INFO    [run=6416fe53a06f41c4874f0c5067a7387d phase=speed_test event=progress.updated] 测速  511/10831 (4%)  有效 218  失败 293  湖北卫视4K
2026-08-15T03:00:36+00:00 INFO    [run=6416fe53a06f41c4874f0c5067a7387d phase=speed_test event=progress.updated] 测速  618/10831 (5%)  有效 231  失败 387  浙江卫视
2026-08-15T03:01:06+00:00 INFO    [run=6416fe53a06f41c4874f0c5067a7387d phase=speed_test event=progress.updated] 测速  761/10831 (7%)  有效 340  失败 421  江西卫视
2026-08-15T03:01:36+00:00 INFO    [run=6416fe53a06f41c4874f0c5067a7387d phase=speed_test event=progress.updated] 测速  880/10831 (8%)  有效 417  失败 463  宁夏卫视
2026-08-15T03:02:07+00:00 INFO    [run=6416fe53a06f41c4874f0c5067a7387d phase=speed_test event=progress.updated] 测速  994/10831 (9%)  有效 452  失败 542  明珠台
2026-08-15T03:02:37+00:00 INFO    [run=6416fe53a06f41c4874f0c5067a7387d phase=speed_test event=progress.updated] 测速  1103/10831 (10%)  有效 470  失败 633  纬来育乐
2026-08-15T03:03:07+00:00 INFO    [run=6416fe53a06f41c4874f0c5067a7387d phase=speed_test event=progress.updated] 测速  1223/10831 (11%)  有效 514  失败 709  陈情令
2026-08-15T03:03:37+00:00 INFO    [run=6416fe53a06f41c4874f0c5067a7387d phase=speed_test event=progress.updated] 测速  1292/10831 (11%)  有效 550  失败 742  经典港片
2026-08-15T03:04:08+00:00 INFO    [run=6416fe53a06f41c4874f0c5067a7387d phase=speed_test event=progress.updated] 测速  1361/10831 (12%)  有效 573  失败 788  全职高手
2026-08-15T03:04:38+00:00 INFO    [run=6416fe53a06f41c4874f0c5067a7387d phase=speed_test event=progress.updated] 测速  1452/10831 (13%)  有效 603  失败 849  靖天映画
2026-08-15T03:05:08+00:00 INFO    [run=6416fe53a06f41c4874f0c5067a7387d phase=speed_test event=progress.updated] 测速  1564/10831 (14%)  有效 610  失败 954  睛彩篮球
2026-08-15T03:05:38+00:00 INFO    [run=6416fe53a06f41c4874f0c5067a7387d phase=speed_test event=progress.updated] 测速  1637/10831 (15%)  有效 630  失败 1007  五星体育
2026-08-15T03:06:08+00:00 INFO    [run=6416fe53a06f41c4874f0c5067a7387d phase=speed_test event=progress.updated] 测速  1715/10831 (15%)  有效 646  失败 1069  武术世界
2026-08-15T03:06:39+00:00 INFO    [run=6416fe53a06f41c4874f0c5067a7387d phase=speed_test event=progress.updated] 测速  1812/10831 (16%)  有效 649  失败 1163  劲爆体育
2026-08-15T03:07:09+00:00 INFO    [run=6416fe53a06f41c4874f0c5067a7387d phase=speed_test event=progress.updated] 测速  1869/10831 (17%)  有效 662  失败 1207  吉林篮球
2026-08-15T03:07:39+00:00 INFO    [run=6416fe53a06f41c4874f0c5067a7387d phase=speed_test event=progress.updated] 测速  1926/10831 (17%)  有效 672  失败 1254  西游记
2026-08-15T03:07:44+00:00 INFO    [run=6416fe53a06f41c4874f0c5067a7387d phase=speed_test event=speed_test.artifacts_written] 测速明细已写入 output/log/speed_test.log，有效结果已写入 output/log/result.log
2026-08-15T03:07:44+00:00 INFO    [run=6416fe53a06f41c4874f0c5067a7387d phase=speed_test event=progress.finished] 测速  10831/10831  有效 677  失败 1268
2026-08-15T03:07:45+00:00 INFO    [run=6416fe53a06f41c4874f0c5067a7387d phase=output event=output.written] 结果文件生成完成：更新 3 个文件
2026-08-15T03:07:46+00:00 INFO    [run=6416fe53a06f41c4874f0c5067a7387d phase=statistics event=statistics.finished] 频道统计完成：测试 1945，有效 677
2026-08-15T03:07:46+00:00 INFO    [run=6416fe53a06f41c4874f0c5067a7387d phase=complete event=run.summary] 更新摘要
2026-08-15T03:07:46+00:00 INFO    [run=6416fe53a06f41c4874f0c5067a7387d phase=complete event=run.finished] 更新完成！总耗时：12:58
2026-08-16T03:02:57+00:00 INFO    [event=application.started] IPTV-API 版本: 3.0.0 (构建时间: 2026-08-07 11:45:59)
2026-08-16T03:02:57+00:00 INFO    [phase=prepare event=network.ipv6.checking] 🛜 正在检查当前网络是否支持IPv6...
2026-08-16T03:02:57+00:00 WARNING [phase=prepare event=network.ipv6.unsupported] 当前网络不支持IPv6，别担心，IPv6的结果会被保存下来
2026-08-16T03:02:57+00:00 INFO    [run=8d722de0418743ee956ad9d07e7613f5 phase=prepare event=run.started] 性能模式: auto → balance，可用资源: 4.0 CPU / 15.62 GB，并发: 测速 8、媒体探测 2、源抓取 8
2026-08-16T03:02:57+00:00 INFO    [run=8d722de0418743ee956ad9d07e7613f5 phase=prepare event=channels.catalog_loaded] 频道目录已加载：白名单 0，黑名单 14，台标 21
2026-08-16T03:02:57+00:00 INFO    [run=8d722de0418743ee956ad9d07e7613f5 phase=fetch event=sources.subscribe.summary] 订阅源数量：16，订阅白名单数量：0，停用地址数量：0，有效总数量：16
2026-08-16T03:02:57+00:00 INFO    [run=8d722de0418743ee956ad9d07e7613f5 phase=fetch event=progress.started] 正在进行获取订阅源  0/16
2026-08-16T03:02:57+00:00 INFO    [run=8d722de0418743ee956ad9d07e7613f5 phase=fetch event=sources.epg.summary] EPG源数量：1，EPG白名单数量：0，停用地址数量：0，有效总数量：1
2026-08-16T03:02:57+00:00 INFO    [run=8d722de0418743ee956ad9d07e7613f5 phase=fetch event=progress.started] 正在进行获取EPG源  0/1
2026-08-16T03:02:58+00:00 INFO    [run=8d722de0418743ee956ad9d07e7613f5 phase=fetch event=progress.updated] 正在进行获取订阅源  1/16 (6%)  剩余 15
2026-08-16T03:02:58+00:00 INFO    [run=8d722de0418743ee956ad9d07e7613f5 phase=fetch event=epg.source_parsed] EPG 源解析完成：http://e.erw.cc/e.xml.gz，保留节目 4013 条
2026-08-16T03:02:58+00:00 INFO    [run=8d722de0418743ee956ad9d07e7613f5 phase=fetch event=progress.updated] 正在进行获取EPG源  1/1 (100%)  剩余 0
2026-08-16T03:02:58+00:00 INFO    [run=8d722de0418743ee956ad9d07e7613f5 phase=fetch event=sources.epg.finished] EPG源: ✅ 有效地址数量：1，⛔ 停用地址数量：0
2026-08-16T03:02:58+00:00 INFO    [run=8d722de0418743ee956ad9d07e7613f5 phase=fetch event=progress.finished] 正在进行获取EPG源  1/1  匹配 114 个频道
2026-08-16T03:02:59+00:00 INFO    [run=8d722de0418743ee956ad9d07e7613f5 phase=fetch event=progress.updated] 正在进行获取订阅源  3/16 (18%)  剩余 13
2026-08-16T03:02:59+00:00 INFO    [run=8d722de0418743ee956ad9d07e7613f5 phase=fetch event=progress.updated] 正在进行获取订阅源  5/16 (31%)  剩余 11
2026-08-16T03:02:59+00:00 INFO    [run=8d722de0418743ee956ad9d07e7613f5 phase=fetch event=progress.updated] 正在进行获取订阅源  7/16 (43%)  剩余 9
2026-08-16T03:02:59+00:00 INFO    [run=8d722de0418743ee956ad9d07e7613f5 phase=fetch event=progress.updated] 正在进行获取订阅源  9/16 (56%)  剩余 7
2026-08-16T03:03:00+00:00 INFO    [run=8d722de0418743ee956ad9d07e7613f5 phase=fetch event=progress.updated] 正在进行获取订阅源  11/16 (68%)  剩余 5
2026-08-16T03:03:01+00:00 INFO    [run=8d722de0418743ee956ad9d07e7613f5 phase=fetch event=progress.updated] 正在进行获取订阅源  13/16 (81%)  剩余 3
2026-08-16T03:03:01+00:00 WARNING [run=8d722de0418743ee956ad9d07e7613f5 phase=fetch event=request.retrying] 🔄 请求http://cms.supertv01.com/zhibo/iptv.txt失败，正在进行第1次重试...
2026-08-16T03:03:02+00:00 WARNING [run=8d722de0418743ee956ad9d07e7613f5 phase=fetch event=source.request_failed] 订阅源请求失败：❌ 请求http://cms.supertv01.com/zhibo/iptv.txt失败，已达到最大重试次数
2026-08-16T03:03:02+00:00 INFO    [run=8d722de0418743ee956ad9d07e7613f5 phase=fetch event=progress.updated] 正在进行获取订阅源  15/16 (93%)  剩余 1
2026-08-16T03:03:11+00:00 WARNING [run=8d722de0418743ee956ad9d07e7613f5 phase=fetch event=request.retrying] 🔄 请求http://202.140.142.145:40207/zhibo/iptv.txt失败，正在进行第1次重试...
2026-08-16T03:03:23+00:00 WARNING [run=8d722de0418743ee956ad9d07e7613f5 phase=fetch event=source.request_failed] 订阅源请求失败：❌ 请求http://202.140.142.145:40207/zhibo/iptv.txt失败，已达到最大重试次数
2026-08-16T03:03:23+00:00 INFO    [run=8d722de0418743ee956ad9d07e7613f5 phase=fetch event=progress.updated] 正在进行获取订阅源  16/16 (100%)  剩余 0
2026-08-16T03:03:23+00:00 INFO    [run=8d722de0418743ee956ad9d07e7613f5 phase=fetch event=sources.subscribe.finished] 订阅源: ✅ 有效地址数量：16，⛔ 停用地址数量：0
2026-08-16T03:03:23+00:00 INFO    [run=8d722de0418743ee956ad9d07e7613f5 phase=fetch event=progress.finished] 正在进行获取订阅源  16/16  未匹配 10000
2026-08-16T03:05:01+00:00 INFO    [run=8d722de0418743ee956ad9d07e7613f5 phase=aggregate event=channels.aggregated] 频道数据聚合完成：477 个频道，22129 个接口（IPv4 21267 / IPv6 862）
2026-08-16T03:05:01+00:00 INFO    [run=8d722de0418743ee956ad9d07e7613f5 phase=speed_test event=speed_test.planned] 总接口数量: 10105, 需要进行测速的接口数量: 9681
2026-08-16T03:05:01+00:00 INFO    [run=8d722de0418743ee956ad9d07e7613f5 phase=speed_test event=progress.started] 测速  0/9681
2026-08-16T03:05:02+00:00 INFO    [run=8d722de0418743ee956ad9d07e7613f5 phase=speed_test event=progress.updated] 测速  1/9681 (0%)  有效 0  失败 1  CCTV-1
2026-08-16T03:05:32+00:00 INFO    [run=8d722de0418743ee956ad9d07e7613f5 phase=speed_test event=progress.updated] 测速  97/9681 (1%)  有效 35  失败 62  CCTV-5+
2026-08-16T03:06:02+00:00 INFO    [run=8d722de0418743ee956ad9d07e7613f5 phase=speed_test event=progress.updated] 测速  214/9681 (2%)  有效 98  失败 116  CCTV-15
2026-08-16T03:06:32+00:00 INFO    [run=8d722de0418743ee956ad9d07e7613f5 phase=speed_test event=progress.updated] 测速  284/9681 (2%)  有效 120  失败 164  CETV-1
2026-08-16T03:07:03+00:00 INFO    [run=8d722de0418743ee956ad9d07e7613f5 phase=speed_test event=progress.updated] 测速  353/9681 (3%)  有效 125  失败 228  CETV-4
2026-08-16T03:07:34+00:00 INFO    [run=8d722de0418743ee956ad9d07e7613f5 phase=speed_test event=progress.updated] 测速  422/9681 (4%)  有效 129  失败 293  CCTV4欧洲
2026-08-16T03:08:04+00:00 INFO    [run=8d722de0418743ee956ad9d07e7613f5 phase=speed_test event=progress.updated] 测速  528/9681 (5%)  有效 191  失败 337  高尔夫网球
2026-08-16T03:08:35+00:00 INFO    [run=8d722de0418743ee956ad9d07e7613f5 phase=speed_test event=progress.updated] 测速  608/9681 (6%)  有效 211  失败 397  CGTN法语
2026-08-16T03:09:05+00:00 INFO    [run=8d722de0418743ee956ad9d07e7613f5 phase=speed_test event=progress.updated] 测速  749/9681 (7%)  有效 277  失败 472  安徽卫视
2026-08-16T03:09:35+00:00 INFO    [run=8d722de0418743ee956ad9d07e7613f5 phase=speed_test event=progress.updated] 测速  855/9681 (8%)  有效 335  失败 520  湖北卫视
2026-08-16T03:10:05+00:00 INFO    [run=8d722de0418743ee956ad9d07e7613f5 phase=speed_test event=progress.updated] 测速  948/9681 (9%)  有效 380  失败 568  陕西卫视
2026-08-16T03:10:35+00:00 INFO    [run=8d722de0418743ee956ad9d07e7613f5 phase=speed_test event=progress.updated] 测速  1075/9681 (11%)  有效 438  失败 637  翡翠台
2026-08-16T03:11:06+00:00 INFO    [run=8d722de0418743ee956ad9d07e7613f5 phase=speed_test event=progress.updated] 测速  1159/9681 (11%)  有效 454  失败 705  凤凰卫视
2026-08-16T03:11:36+00:00 INFO    [run=8d722de0418743ee956ad9d07e7613f5 phase=speed_test event=progress.updated] 测速  1286/9681 (13%)  有效 504  失败 782  周润发
2026-08-16T03:12:07+00:00 INFO    [run=8d722de0418743ee956ad9d07e7613f5 phase=speed_test event=progress.updated] 测速  1354/9681 (13%)  有效 537  失败 817  经典港片
2026-08-16T03:12:37+00:00 INFO    [run=8d722de0418743ee956ad9d07e7613f5 phase=speed_test event=progress.updated] 测速  1422/9681 (14%)  有效 566  失败 856  鹊刀门传
2026-08-16T03:13:08+00:00 INFO    [run=8d722de0418743ee956ad9d07e7613f5 phase=speed_test event=progress.updated] 测速  1546/9681 (15%)  有效 593  失败 953  星空卫视
2026-08-16T03:13:38+00:00 INFO    [run=8d722de0418743ee956ad9d07e7613f5 phase=speed_test event=progress.updated] 测速  1651/9681 (17%)  有效 606  失败 1045  广东珠江
2026-08-16T03:14:09+00:00 INFO    [run=8d722de0418743ee956ad9d07e7613f5 phase=speed_test event=progress.updated] 测速  1744/9681 (18%)  有效 626  失败 1118  快乐垂钓
2026-08-16T03:14:40+00:00 INFO    [run=8d722de0418743ee956ad9d07e7613f5 phase=speed_test event=progress.updated] 测速  1843/9681 (19%)  有效 632  失败 1211  劲爆体育
2026-08-16T03:15:11+00:00 INFO    [run=8d722de0418743ee956ad9d07e7613f5 phase=speed_test event=progress.updated] 测速  1910/9681 (19%)  有效 649  失败 1261  射雕英雄传
2026-08-16T03:15:11+00:00 INFO    [run=8d722de0418743ee956ad9d07e7613f5 phase=speed_test event=speed_test.artifacts_written] 测速明细已写入 output/log/speed_test.log，有效结果已写入 output/log/result.log
2026-08-16T03:15:11+00:00 INFO    [run=8d722de0418743ee956ad9d07e7613f5 phase=speed_test event=progress.finished] 测速  9681/9681  有效 649  失败 1261
2026-08-16T03:15:11+00:00 INFO    [run=8d722de0418743ee956ad9d07e7613f5 phase=output event=output.written] 结果文件生成完成：更新 3 个文件
2026-08-16T03:15:13+00:00 INFO    [run=8d722de0418743ee956ad9d07e7613f5 phase=statistics event=statistics.finished] 频道统计完成：测试 1910，有效 649
2026-08-16T03:15:13+00:00 INFO    [run=8d722de0418743ee956ad9d07e7613f5 phase=complete event=run.summary] 更新摘要
2026-08-16T03:15:13+00:00 INFO    [run=8d722de0418743ee956ad9d07e7613f5 phase=complete event=run.finished] 更新完成！总耗时：12:16
2026-08-17T03:02:55+00:00 INFO    [event=application.started] IPTV-API 版本: 3.0.0 (构建时间: 2026-08-07 11:45:59)
2026-08-17T03:02:55+00:00 INFO    [phase=prepare event=network.ipv6.checking] 🛜 正在检查当前网络是否支持IPv6...
2026-08-17T03:02:55+00:00 WARNING [phase=prepare event=network.ipv6.unsupported] 当前网络不支持IPv6，别担心，IPv6的结果会被保存下来
2026-08-17T03:02:55+00:00 INFO    [run=197445f8427b43eda463eab31e992abd phase=prepare event=run.started] 性能模式: auto → balance，可用资源: 4.0 CPU / 15.62 GB，并发: 测速 8、媒体探测 2、源抓取 8
2026-08-17T03:02:55+00:00 INFO    [run=197445f8427b43eda463eab31e992abd phase=prepare event=channels.catalog_loaded] 频道目录已加载：白名单 0，黑名单 14，台标 21
2026-08-17T03:02:55+00:00 INFO    [run=197445f8427b43eda463eab31e992abd phase=fetch event=sources.subscribe.summary] 订阅源数量：16，订阅白名单数量：0，停用地址数量：0，有效总数量：16
2026-08-17T03:02:55+00:00 INFO    [run=197445f8427b43eda463eab31e992abd phase=fetch event=progress.started] 正在进行获取订阅源  0/16
2026-08-17T03:02:55+00:00 INFO    [run=197445f8427b43eda463eab31e992abd phase=fetch event=sources.epg.summary] EPG源数量：1，EPG白名单数量：0，停用地址数量：0，有效总数量：1
2026-08-17T03:02:55+00:00 INFO    [run=197445f8427b43eda463eab31e992abd phase=fetch event=progress.started] 正在进行获取EPG源  0/1
2026-08-17T03:02:56+00:00 INFO    [run=197445f8427b43eda463eab31e992abd phase=fetch event=epg.source_parsed] EPG 源解析完成：http://e.erw.cc/e.xml.gz，保留节目 4087 条
2026-08-17T03:02:56+00:00 INFO    [run=197445f8427b43eda463eab31e992abd phase=fetch event=progress.updated] 正在进行获取EPG源  1/1 (100%)  剩余 0
2026-08-17T03:02:56+00:00 INFO    [run=197445f8427b43eda463eab31e992abd phase=fetch event=sources.epg.finished] EPG源: ✅ 有效地址数量：1，⛔ 停用地址数量：0
2026-08-17T03:02:56+00:00 INFO    [run=197445f8427b43eda463eab31e992abd phase=fetch event=progress.finished] 正在进行获取EPG源  1/1  匹配 114 个频道
2026-08-17T03:02:56+00:00 INFO    [run=197445f8427b43eda463eab31e992abd phase=fetch event=progress.updated] 正在进行获取订阅源  1/16 (6%)  剩余 15
2026-08-17T03:02:56+00:00 INFO    [run=197445f8427b43eda463eab31e992abd phase=fetch event=progress.updated] 正在进行获取订阅源  3/16 (18%)  剩余 13
2026-08-17T03:02:56+00:00 INFO    [run=197445f8427b43eda463eab31e992abd phase=fetch event=progress.updated] 正在进行获取订阅源  5/16 (31%)  剩余 11
2026-08-17T03:02:57+00:00 INFO    [run=197445f8427b43eda463eab31e992abd phase=fetch event=progress.updated] 正在进行获取订阅源  7/16 (43%)  剩余 9
2026-08-17T03:02:57+00:00 INFO    [run=197445f8427b43eda463eab31e992abd phase=fetch event=progress.updated] 正在进行获取订阅源  9/16 (56%)  剩余 7
2026-08-17T03:02:58+00:00 INFO    [run=197445f8427b43eda463eab31e992abd phase=fetch event=progress.updated] 正在进行获取订阅源  11/16 (68%)  剩余 5
2026-08-17T03:02:58+00:00 INFO    [run=197445f8427b43eda463eab31e992abd phase=fetch event=progress.updated] 正在进行获取订阅源  13/16 (81%)  剩余 3
2026-08-17T03:02:58+00:00 WARNING [run=197445f8427b43eda463eab31e992abd phase=fetch event=request.retrying] 🔄 请求http://cms.supertv01.com/zhibo/iptv.txt失败，正在进行第1次重试...
2026-08-17T03:03:00+00:00 INFO    [run=197445f8427b43eda463eab31e992abd phase=fetch event=progress.updated] 正在进行获取订阅源  15/16 (93%)  剩余 1
2026-08-17T03:03:00+00:00 WARNING [run=197445f8427b43eda463eab31e992abd phase=fetch event=source.request_failed] 订阅源请求失败：❌ 请求http://cms.supertv01.com/zhibo/iptv.txt失败，已达到最大重试次数
2026-08-17T03:03:00+00:00 INFO    [run=197445f8427b43eda463eab31e992abd phase=fetch event=progress.updated] 正在进行获取订阅源  16/16 (100%)  剩余 0
2026-08-17T03:03:00+00:00 INFO    [run=197445f8427b43eda463eab31e992abd phase=fetch event=sources.subscribe.finished] 订阅源: ✅ 有效地址数量：16，⛔ 停用地址数量：0
2026-08-17T03:03:00+00:00 INFO    [run=197445f8427b43eda463eab31e992abd phase=fetch event=progress.finished] 正在进行获取订阅源  16/16  未匹配 10000
2026-08-17T03:05:19+00:00 INFO    [run=197445f8427b43eda463eab31e992abd phase=aggregate event=channels.aggregated] 频道数据聚合完成：477 个频道，24249 个接口（IPv4 22427 / IPv6 1822）
2026-08-17T03:05:19+00:00 INFO    [run=197445f8427b43eda463eab31e992abd phase=speed_test event=speed_test.planned] 总接口数量: 11476, 需要进行测速的接口数量: 10200
2026-08-17T03:05:19+00:00 INFO    [run=197445f8427b43eda463eab31e992abd phase=speed_test event=progress.started] 测速  0/10200
2026-08-17T03:05:20+00:00 INFO    [run=197445f8427b43eda463eab31e992abd phase=speed_test event=progress.updated] 测速  1/10200 (0%)  有效 1  失败 0  CCTV-1
2026-08-17T03:05:51+00:00 INFO    [run=197445f8427b43eda463eab31e992abd phase=speed_test event=progress.updated] 测速  85/10200 (0%)  有效 32  失败 53  CCTV-5+
2026-08-17T03:06:21+00:00 INFO    [run=197445f8427b43eda463eab31e992abd phase=speed_test event=progress.updated] 测速  211/10200 (2%)  有效 101  失败 110  CCTV-16
2026-08-17T03:06:51+00:00 INFO    [run=197445f8427b43eda463eab31e992abd phase=speed_test event=progress.updated] 测速  267/10200 (2%)  有效 110  失败 157  CETV-1
2026-08-17T03:07:21+00:00 INFO    [run=197445f8427b43eda463eab31e992abd phase=speed_test event=progress.updated] 测速  334/10200 (3%)  有效 114  失败 220  CETV-4
2026-08-17T03:07:51+00:00 INFO    [run=197445f8427b43eda463eab31e992abd phase=speed_test event=progress.updated] 测速  405/10200 (3%)  有效 118  失败 287  文化精品
2026-08-17T03:08:21+00:00 INFO    [run=197445f8427b43eda463eab31e992abd phase=speed_test event=progress.updated] 测速  547/10200 (5%)  有效 198  失败 349  湖北影视
2026-08-17T03:08:51+00:00 INFO    [run=197445f8427b43eda463eab31e992abd phase=speed_test event=progress.updated] 测速  710/10200 (6%)  有效 308  失败 402  贵州卫视
2026-08-17T03:09:22+00:00 INFO    [run=197445f8427b43eda463eab31e992abd phase=speed_test event=progress.updated] 测速  767/10200 (7%)  有效 315  失败 452  湖北卫视
2026-08-17T03:09:53+00:00 INFO    [run=197445f8427b43eda463eab31e992abd phase=speed_test event=progress.updated] 测速  819/10200 (8%)  有效 315  失败 504  湖北卫视
2026-08-17T03:10:23+00:00 INFO    [run=197445f8427b43eda463eab31e992abd phase=speed_test event=progress.updated] 测速  931/10200 (9%)  有效 370  失败 561  甘肃卫视
2026-08-17T03:10:53+00:00 INFO    [run=197445f8427b43eda463eab31e992abd phase=speed_test event=progress.updated] 测速  1048/10200 (10%)  有效 420  失败 628  凤凰中文
2026-08-17T03:11:24+00:00 INFO    [run=197445f8427b43eda463eab31e992abd phase=speed_test event=progress.updated] 测速  1149/10200 (11%)  有效 439  失败 710  无线新闻
2026-08-17T03:11:54+00:00 INFO    [run=197445f8427b43eda463eab31e992abd phase=speed_test event=progress.updated] 测速  1244/10200 (12%)  有效 470  失败 774  古天乐
2026-08-17T03:12:25+00:00 INFO    [run=197445f8427b43eda463eab31e992abd phase=speed_test event=progress.updated] 测速  1310/10200 (12%)  有效 504  失败 806  经典女神
2026-08-17T03:12:55+00:00 INFO    [run=197445f8427b43eda463eab31e992abd phase=speed_test event=progress.updated] 测速  1375/10200 (13%)  有效 534  失败 841  家有儿女
2026-08-17T03:13:25+00:00 INFO    [run=197445f8427b43eda463eab31e992abd phase=speed_test event=progress.updated] 测速  1444/10200 (14%)  有效 554  失败 890  纬来电影
2026-08-17T03:13:56+00:00 INFO    [run=197445f8427b43eda463eab31e992abd phase=speed_test event=progress.updated] 测速  1557/10200 (15%)  有效 561  失败 996  睛彩广场舞
2026-08-17T03:14:27+00:00 INFO    [run=197445f8427b43eda463eab31e992abd phase=speed_test event=progress.updated] 测速  1647/10200 (16%)  有效 589  失败 1058  武术世界
2026-08-17T03:14:57+00:00 INFO    [run=197445f8427b43eda463eab31e992abd phase=speed_test event=progress.updated] 测速  1699/10200 (16%)  有效 590  失败 1109  咪咕直播1
2026-08-17T03:15:27+00:00 INFO    [run=197445f8427b43eda463eab31e992abd phase=speed_test event=progress.updated] 测速  1726/10200 (16%)  有效 590  失败 1136  咪咕直播25
2026-08-17T03:15:58+00:00 INFO    [run=197445f8427b43eda463eab31e992abd phase=speed_test event=progress.updated] 测速  1792/10200 (17%)  有效 607  失败 1185  天元围棋
2026-08-17T03:16:10+00:00 INFO    [run=197445f8427b43eda463eab31e992abd phase=speed_test event=speed_test.artifacts_written] 测速明细已写入 output/log/speed_test.log，有效结果已写入 output/log/result.log
2026-08-17T03:16:10+00:00 INFO    [run=197445f8427b43eda463eab31e992abd phase=speed_test event=progress.finished] 测速  10200/10200  有效 611  失败 1207
2026-08-17T03:16:10+00:00 INFO    [run=197445f8427b43eda463eab31e992abd phase=output event=output.written] 结果文件生成完成：更新 3 个文件
2026-08-17T03:16:12+00:00 INFO    [run=197445f8427b43eda463eab31e992abd phase=statistics event=statistics.finished] 频道统计完成：测试 1818，有效 611
2026-08-17T03:16:12+00:00 INFO    [run=197445f8427b43eda463eab31e992abd phase=complete event=run.summary] 更新摘要
2026-08-17T03:16:12+00:00 INFO    [run=197445f8427b43eda463eab31e992abd phase=complete event=run.finished] 更新完成！总耗时：13:17
2026-09-18T00:10:39+00:00 INFO    [event=application.started] IPTV-API 版本: 3.0.0 (构建时间: 2026-08-07 11:45:59)
2026-09-18T00:10:39+00:00 INFO    [phase=prepare event=network.ipv6.checking] 🛜 正在检查当前网络是否支持IPv6...
2026-09-18T00:10:39+00:00 WARNING [phase=prepare event=network.ipv6.unsupported] 当前网络不支持IPv6，别担心，IPv6的结果会被保存下来
2026-09-18T00:10:40+00:00 INFO    [run=5d43d2f2f6194771aff0eb74ef84e310 phase=prepare event=run.started] 性能模式: auto → balance，可用资源: 4.0 CPU / 15.61 GB，并发: 测速 8、媒体探测 2、源抓取 8
2026-09-18T00:10:40+00:00 INFO    [run=5d43d2f2f6194771aff0eb74ef84e310 phase=prepare event=channels.catalog_loaded] 频道目录已加载：白名单 0，黑名单 14，台标 21
2026-09-18T00:10:40+00:00 INFO    [run=5d43d2f2f6194771aff0eb74ef84e310 phase=fetch event=sources.subscribe.summary] 订阅源数量：20，订阅白名单数量：0，停用地址数量：0，有效总数量：20
2026-09-18T00:10:40+00:00 INFO    [run=5d43d2f2f6194771aff0eb74ef84e310 phase=fetch event=progress.started] 正在进行获取订阅源  0/20
2026-09-18T00:10:40+00:00 INFO    [run=5d43d2f2f6194771aff0eb74ef84e310 phase=fetch event=sources.epg.summary] EPG源数量：1，EPG白名单数量：0，停用地址数量：0，有效总数量：1
2026-09-18T00:10:40+00:00 INFO    [run=5d43d2f2f6194771aff0eb74ef84e310 phase=fetch event=progress.started] 正在进行获取EPG源  0/1
2026-09-18T00:10:41+00:00 INFO    [run=5d43d2f2f6194771aff0eb74ef84e310 phase=fetch event=epg.source_parsed] EPG 源解析完成：http://e.erw.cc/e.xml.gz，保留节目 4008 条
2026-09-18T00:10:41+00:00 INFO    [run=5d43d2f2f6194771aff0eb74ef84e310 phase=fetch event=progress.updated] 正在进行获取EPG源  1/1 (100%)  剩余 0
2026-09-18T00:10:41+00:00 INFO    [run=5d43d2f2f6194771aff0eb74ef84e310 phase=fetch event=sources.epg.finished] EPG源: ✅ 有效地址数量：1，⛔ 停用地址数量：0
2026-09-18T00:10:41+00:00 INFO    [run=5d43d2f2f6194771aff0eb74ef84e310 phase=fetch event=progress.finished] 正在进行获取EPG源  1/1  匹配 114 个频道
2026-09-18T00:10:41+00:00 INFO    [run=5d43d2f2f6194771aff0eb74ef84e310 phase=fetch event=progress.updated] 正在进行获取订阅源  1/20 (5%)  剩余 19
2026-09-18T00:10:41+00:00 INFO    [run=5d43d2f2f6194771aff0eb74ef84e310 phase=fetch event=progress.updated] 正在进行获取订阅源  3/20 (15%)  剩余 17
2026-09-18T00:10:41+00:00 INFO    [run=5d43d2f2f6194771aff0eb74ef84e310 phase=fetch event=progress.updated] 正在进行获取订阅源  5/20 (25%)  剩余 15
2026-09-18T00:10:41+00:00 INFO    [run=5d43d2f2f6194771aff0eb74ef84e310 phase=fetch event=progress.updated] 正在进行获取订阅源  7/20 (35%)  剩余 13
2026-09-18T00:10:42+00:00 INFO    [run=5d43d2f2f6194771aff0eb74ef84e310 phase=fetch event=progress.updated] 正在进行获取订阅源  9/20 (45%)  剩余 11
2026-09-18T00:10:43+00:00 INFO    [run=5d43d2f2f6194771aff0eb74ef84e310 phase=fetch event=progress.updated] 正在进行获取订阅源  11/20 (55%)  剩余 9
2026-09-18T00:10:43+00:00 INFO    [run=5d43d2f2f6194771aff0eb74ef84e310 phase=fetch event=progress.updated] 正在进行获取订阅源  13/20 (65%)  剩余 7
2026-09-18T00:10:43+00:00 WARNING [run=5d43d2f2f6194771aff0eb74ef84e310 phase=fetch event=request.retrying] 🔄 请求http://cms.supertv01.com/zhibo/iptv.txt失败，正在进行第1次重试...
2026-09-18T00:10:43+00:00 INFO    [run=5d43d2f2f6194771aff0eb74ef84e310 phase=fetch event=progress.updated] 正在进行获取订阅源  15/20 (75%)  剩余 5
2026-09-18T00:10:44+00:00 WARNING [run=5d43d2f2f6194771aff0eb74ef84e310 phase=fetch event=source.request_failed] 订阅源请求失败：❌ 请求http://cms.supertv01.com/zhibo/iptv.txt失败，已达到最大重试次数
2026-09-18T00:10:44+00:00 INFO    [run=5d43d2f2f6194771aff0eb74ef84e310 phase=fetch event=progress.updated] 正在进行获取订阅源  17/20 (85%)  剩余 3
2026-09-18T00:10:45+00:00 INFO    [run=5d43d2f2f6194771aff0eb74ef84e310 phase=fetch event=progress.updated] 正在进行获取订阅源  19/20 (95%)  剩余 1
2026-09-18T00:10:46+00:00 INFO    [run=5d43d2f2f6194771aff0eb74ef84e310 phase=fetch event=progress.updated] 正在进行获取订阅源  20/20 (100%)  剩余 0
2026-09-18T00:10:46+00:00 INFO    [run=5d43d2f2f6194771aff0eb74ef84e310 phase=fetch event=sources.subscribe.finished] 订阅源: ✅ 有效地址数量：20，⛔ 停用地址数量：0
2026-09-18T00:10:46+00:00 INFO    [run=5d43d2f2f6194771aff0eb74ef84e310 phase=fetch event=progress.finished] 正在进行获取订阅源  20/20  未匹配 10000
2026-09-18T00:12:38+00:00 INFO    [run=5d43d2f2f6194771aff0eb74ef84e310 phase=aggregate event=channels.aggregated] 频道数据聚合完成：477 个频道，27033 个接口（IPv4 25647 / IPv6 1386）
2026-09-18T00:12:38+00:00 INFO    [run=5d43d2f2f6194771aff0eb74ef84e310 phase=speed_test event=speed_test.planned] 总接口数量: 12703, 需要进行测速的接口数量: 11920
2026-09-18T00:12:38+00:00 INFO    [run=5d43d2f2f6194771aff0eb74ef84e310 phase=speed_test event=progress.started] 测速  0/11920
2026-09-18T00:12:38+00:00 INFO    [run=5d43d2f2f6194771aff0eb74ef84e310 phase=speed_test event=progress.updated] 测速  1/11920 (0%)  有效 0  失败 1  CCTV-1
2026-09-18T00:13:08+00:00 INFO    [run=5d43d2f2f6194771aff0eb74ef84e310 phase=speed_test event=progress.updated] 测速  79/11920 (0%)  有效 16  失败 63  CCTV-4
2026-09-18T00:13:39+00:00 INFO    [run=5d43d2f2f6194771aff0eb74ef84e310 phase=speed_test event=progress.updated] 测速  158/11920 (1%)  有效 27  失败 131  CCTV-5
2026-09-18T00:14:10+00:00 INFO    [run=5d43d2f2f6194771aff0eb74ef84e310 phase=speed_test event=progress.updated] 测速  214/11920 (1%)  有效 32  失败 182  CCTV-5+
2026-09-18T00:14:40+00:00 INFO    [run=5d43d2f2f6194771aff0eb74ef84e310 phase=speed_test event=progress.updated] 测速  284/11920 (2%)  有效 33  失败 251  CCTV-5+
2026-09-18T00:15:10+00:00 INFO    [run=5d43d2f2f6194771aff0eb74ef84e310 phase=speed_test event=progress.updated] 测速  383/11920 (3%)  有效 55  失败 328  CCTV-9
2026-09-18T00:15:40+00:00 INFO    [run=5d43d2f2f6194771aff0eb74ef84e310 phase=speed_test event=progress.updated] 测速  465/11920 (3%)  有效 71  失败 394  CCTV-12
2026-09-18T00:16:10+00:00 INFO    [run=5d43d2f2f6194771aff0eb74ef84e310 phase=speed_test event=progress.updated] 测速  529/11920 (4%)  有效 78  失败 451  CCTV-13
2026-09-18T00:16:41+00:00 INFO    [run=5d43d2f2f6194771aff0eb74ef84e310 phase=speed_test event=progress.updated] 测速  614/11920 (5%)  有效 106  失败 508  CETV-1
2026-09-18T00:17:13+00:00 INFO    [run=5d43d2f2f6194771aff0eb74ef84e310 phase=speed_test event=progress.updated] 测速  696/11920 (5%)  有效 111  失败 585  CETV-2
2026-09-18T00:17:44+00:00 INFO    [run=5d43d2f2f6194771aff0eb74ef84e310 phase=speed_test event=progress.updated] 测速  774/11920 (6%)  有效 117  失败 657  CETV-4
2026-09-18T00:18:15+00:00 INFO    [run=5d43d2f2f6194771aff0eb74ef84e310 phase=speed_test event=progress.updated] 测速  836/11920 (7%)  有效 119  失败 717  CCTV4欧洲
2026-09-18T00:18:46+00:00 INFO    [run=5d43d2f2f6194771aff0eb74ef84e310 phase=speed_test event=progress.updated] 测速  934/11920 (7%)  有效 150  失败 784  风云音乐
2026-09-18T00:19:16+00:00 INFO    [run=5d43d2f2f6194771aff0eb74ef84e310 phase=speed_test event=progress.updated] 测速  1033/11920 (8%)  有效 197  失败 836  CGTN法语
2026-09-18T00:19:46+00:00 INFO    [run=5d43d2f2f6194771aff0eb74ef84e310 phase=speed_test event=progress.updated] 测速  1134/11920 (9%)  有效 205  失败 929  湖北生活
2026-09-18T00:20:16+00:00 INFO    [run=5d43d2f2f6194771aff0eb74ef84e310 phase=speed_test event=progress.updated] 测速  1233/11920 (10%)  有效 227  失败 1006  崇阳综合
2026-09-18T00:20:46+00:00 INFO    [run=5d43d2f2f6194771aff0eb74ef84e310 phase=speed_test event=progress.updated] 测速  1366/11920 (11%)  有效 319  失败 1047  湖北卫视
2026-09-18T00:21:16+00:00 INFO    [run=5d43d2f2f6194771aff0eb74ef84e310 phase=speed_test event=progress.updated] 测速  1490/11920 (12%)  有效 386  失败 1104  黑龙江视
2026-09-18T00:21:47+00:00 INFO    [run=5d43d2f2f6194771aff0eb74ef84e310 phase=speed_test event=progress.updated] 测速  1603/11920 (13%)  有效 418  失败 1185  凤凰中文
2026-09-18T00:22:17+00:00 INFO    [run=5d43d2f2f6194771aff0eb74ef84e310 phase=speed_test event=progress.updated] 测速  1686/11920 (14%)  有效 426  失败 1260  凤凰资讯
2026-09-18T00:22:47+00:00 INFO    [run=5d43d2f2f6194771aff0eb74ef84e310 phase=speed_test event=progress.updated] 测速  1779/11920 (14%)  有效 436  失败 1343  无线新闻
2026-09-18T00:23:17+00:00 INFO    [run=5d43d2f2f6194771aff0eb74ef84e310 phase=speed_test event=progress.updated] 测速  1900/11920 (15%)  有效 471  失败 1429  斯坦森
2026-09-18T00:23:48+00:00 INFO    [run=5d43d2f2f6194771aff0eb74ef84e310 phase=speed_test event=progress.updated] 测速  1969/11920 (16%)  有效 504  失败 1465  武侠轮播
2026-09-18T00:24:18+00:00 INFO    [run=5d43d2f2f6194771aff0eb74ef84e310 phase=speed_test event=progress.updated] 测速  2029/11920 (17%)  有效 536  失败 1493  芈月传轮播
2026-09-18T00:24:48+00:00 INFO    [run=5d43d2f2f6194771aff0eb74ef84e310 phase=speed_test event=progress.updated] 测速  2099/11920 (17%)  有效 558  失败 1541  父母爱情
2026-09-18T00:25:18+00:00 INFO    [run=5d43d2f2f6194771aff0eb74ef84e310 phase=speed_test event=progress.updated] 测速  2129/11920 (17%)  有效 561  失败 1568  恐怖片系列
2026-09-18T00:25:49+00:00 INFO    [run=5d43d2f2f6194771aff0eb74ef84e310 phase=speed_test event=progress.updated] 测速  2172/11920 (18%)  有效 564  失败 1608  美国剧专区
2026-09-18T00:26:19+00:00 INFO    [run=5d43d2f2f6194771aff0eb74ef84e310 phase=speed_test event=progress.updated] 测速  2222/11920 (18%)  有效 572  失败 1650  年代剧专区
2026-09-18T00:26:49+00:00 INFO    [run=5d43d2f2f6194771aff0eb74ef84e310 phase=speed_test event=progress.updated] 测速  2378/11920 (19%)  有效 585  失败 1793  睛彩篮球
2026-09-18T00:27:19+00:00 INFO    [run=5d43d2f2f6194771aff0eb74ef84e310 phase=speed_test event=progress.updated] 测速  2483/11920 (20%)  有效 611  失败 1872  武术世界
2026-09-18T00:27:49+00:00 INFO    [run=5d43d2f2f6194771aff0eb74ef84e310 phase=speed_test event=progress.updated] 测速  2554/11920 (21%)  有效 616  失败 1938  咪咕直播6
2026-09-18T00:28:19+00:00 INFO    [run=5d43d2f2f6194771aff0eb74ef84e310 phase=speed_test event=progress.updated] 测速  2601/11920 (21%)  有效 616  失败 1985  咪咕直播21
2026-09-18T00:28:50+00:00 INFO    [run=5d43d2f2f6194771aff0eb74ef84e310 phase=speed_test event=progress.updated] 测速  2667/11920 (22%)  有效 626  失败 2041  天津体育
2026-09-18T00:29:14+00:00 INFO    [run=5d43d2f2f6194771aff0eb74ef84e310 phase=speed_test event=speed_test.artifacts_written] 测速明细已写入 output/log/speed_test.log，有效结果已写入 output/log/result.log
2026-09-18T00:29:14+00:00 INFO    [run=5d43d2f2f6194771aff0eb74ef84e310 phase=speed_test event=progress.finished] 测速  11920/11920  有效 636  失败 2094
2026-09-18T00:29:14+00:00 INFO    [run=5d43d2f2f6194771aff0eb74ef84e310 phase=output event=output.written] 结果文件生成完成：更新 3 个文件
2026-09-18T00:29:16+00:00 INFO    [run=5d43d2f2f6194771aff0eb74ef84e310 phase=statistics event=statistics.finished] 频道统计完成：测试 2730，有效 636
2026-09-18T00:29:16+00:00 INFO    [run=5d43d2f2f6194771aff0eb74ef84e310 phase=complete event=run.summary] 更新摘要
2026-09-18T00:29:16+00:00 INFO    [run=5d43d2f2f6194771aff0eb74ef84e310 phase=complete event=run.finished] 更新完成！总耗时：18:36
2026-09-18T07:11:47+00:00 INFO    [event=application.started] IPTV-API 版本: 3.0.0 (构建时间: 2026-08-07 11:45:59)
2026-09-18T07:11:47+00:00 INFO    [phase=prepare event=network.ipv6.checking] 🛜 正在检查当前网络是否支持IPv6...
2026-09-18T07:11:47+00:00 WARNING [phase=prepare event=network.ipv6.unsupported] 当前网络不支持IPv6，别担心，IPv6的结果会被保存下来
2026-09-18T07:11:48+00:00 INFO    [run=90436e7e9a6e4a7e9dd89d48429f20f5 phase=prepare event=run.started] 性能模式: auto → balance，可用资源: 4.0 CPU / 15.61 GB，并发: 测速 8、媒体探测 2、源抓取 8
2026-09-18T07:11:48+00:00 INFO    [run=90436e7e9a6e4a7e9dd89d48429f20f5 phase=prepare event=channels.catalog_loaded] 频道目录已加载：白名单 0，黑名单 14，台标 21
2026-09-18T07:11:48+00:00 INFO    [run=90436e7e9a6e4a7e9dd89d48429f20f5 phase=fetch event=sources.subscribe.summary] 订阅源数量：20，订阅白名单数量：0，停用地址数量：0，有效总数量：20
2026-09-18T07:11:48+00:00 INFO    [run=90436e7e9a6e4a7e9dd89d48429f20f5 phase=fetch event=progress.started] 正在进行获取订阅源  0/20
2026-09-18T07:11:48+00:00 INFO    [run=90436e7e9a6e4a7e9dd89d48429f20f5 phase=fetch event=sources.epg.summary] EPG源数量：1，EPG白名单数量：0，停用地址数量：0，有效总数量：1
2026-09-18T07:11:48+00:00 INFO    [run=90436e7e9a6e4a7e9dd89d48429f20f5 phase=fetch event=progress.started] 正在进行获取EPG源  0/1
2026-09-18T07:11:49+00:00 INFO    [run=90436e7e9a6e4a7e9dd89d48429f20f5 phase=fetch event=epg.source_parsed] EPG 源解析完成：http://e.erw.cc/e.xml.gz，保留节目 4026 条
2026-09-18T07:11:49+00:00 INFO    [run=90436e7e9a6e4a7e9dd89d48429f20f5 phase=fetch event=progress.updated] 正在进行获取EPG源  1/1 (100%)  剩余 0
2026-09-18T07:11:49+00:00 INFO    [run=90436e7e9a6e4a7e9dd89d48429f20f5 phase=fetch event=sources.epg.finished] EPG源: ✅ 有效地址数量：1，⛔ 停用地址数量：0
2026-09-18T07:11:49+00:00 INFO    [run=90436e7e9a6e4a7e9dd89d48429f20f5 phase=fetch event=progress.finished] 正在进行获取EPG源  1/1  匹配 114 个频道
2026-09-18T07:11:49+00:00 INFO    [run=90436e7e9a6e4a7e9dd89d48429f20f5 phase=fetch event=progress.updated] 正在进行获取订阅源  1/20 (5%)  剩余 19
2026-09-18T07:11:49+00:00 INFO    [run=90436e7e9a6e4a7e9dd89d48429f20f5 phase=fetch event=progress.updated] 正在进行获取订阅源  3/20 (15%)  剩余 17
2026-09-18T07:11:49+00:00 INFO    [run=90436e7e9a6e4a7e9dd89d48429f20f5 phase=fetch event=progress.updated] 正在进行获取订阅源  5/20 (25%)  剩余 15
2026-09-18T07:11:50+00:00 INFO    [run=90436e7e9a6e4a7e9dd89d48429f20f5 phase=fetch event=progress.updated] 正在进行获取订阅源  7/20 (35%)  剩余 13
2026-09-18T07:11:50+00:00 INFO    [run=90436e7e9a6e4a7e9dd89d48429f20f5 phase=fetch event=progress.updated] 正在进行获取订阅源  9/20 (45%)  剩余 11
2026-09-18T07:11:51+00:00 INFO    [run=90436e7e9a6e4a7e9dd89d48429f20f5 phase=fetch event=progress.updated] 正在进行获取订阅源  11/20 (55%)  剩余 9
2026-09-18T07:11:51+00:00 WARNING [run=90436e7e9a6e4a7e9dd89d48429f20f5 phase=fetch event=request.retrying] 🔄 请求http://cms.supertv01.com/zhibo/iptv.txt失败，正在进行第1次重试...
2026-09-18T07:11:51+00:00 INFO    [run=90436e7e9a6e4a7e9dd89d48429f20f5 phase=fetch event=progress.updated] 正在进行获取订阅源  13/20 (65%)  剩余 7
2026-09-18T07:11:51+00:00 INFO    [run=90436e7e9a6e4a7e9dd89d48429f20f5 phase=fetch event=progress.updated] 正在进行获取订阅源  15/20 (75%)  剩余 5
2026-09-18T07:11:52+00:00 WARNING [run=90436e7e9a6e4a7e9dd89d48429f20f5 phase=fetch event=source.request_failed] 订阅源请求失败：❌ 请求http://cms.supertv01.com/zhibo/iptv.txt失败，已达到最大重试次数
2026-09-18T07:11:52+00:00 INFO    [run=90436e7e9a6e4a7e9dd89d48429f20f5 phase=fetch event=progress.updated] 正在进行获取订阅源  17/20 (85%)  剩余 3
2026-09-18T07:11:53+00:00 INFO    [run=90436e7e9a6e4a7e9dd89d48429f20f5 phase=fetch event=progress.updated] 正在进行获取订阅源  19/20 (95%)  剩余 1
2026-09-18T07:11:54+00:00 INFO    [run=90436e7e9a6e4a7e9dd89d48429f20f5 phase=fetch event=progress.updated] 正在进行获取订阅源  20/20 (100%)  剩余 0
2026-09-18T07:11:54+00:00 INFO    [run=90436e7e9a6e4a7e9dd89d48429f20f5 phase=fetch event=sources.subscribe.finished] 订阅源: ✅ 有效地址数量：20，⛔ 停用地址数量：0
2026-09-18T07:11:54+00:00 INFO    [run=90436e7e9a6e4a7e9dd89d48429f20f5 phase=fetch event=progress.finished] 正在进行获取订阅源  20/20  未匹配 10000
2026-09-18T07:14:53+00:00 INFO    [run=90436e7e9a6e4a7e9dd89d48429f20f5 phase=aggregate event=channels.aggregated] 频道数据聚合完成：477 个频道，28130 个接口（IPv4 26102 / IPv6 2028）
2026-09-18T07:14:53+00:00 INFO    [run=90436e7e9a6e4a7e9dd89d48429f20f5 phase=speed_test event=speed_test.planned] 总接口数量: 13542, 需要进行测速的接口数量: 12134
2026-09-18T07:14:53+00:00 INFO    [run=90436e7e9a6e4a7e9dd89d48429f20f5 phase=speed_test event=progress.started] 测速  0/12134
2026-09-18T07:14:54+00:00 INFO    [run=90436e7e9a6e4a7e9dd89d48429f20f5 phase=speed_test event=progress.updated] 测速  1/12134 (0%)  有效 0  失败 1  CCTV-1
2026-09-18T07:15:24+00:00 INFO    [run=90436e7e9a6e4a7e9dd89d48429f20f5 phase=speed_test event=progress.updated] 测速  86/12134 (0%)  有效 30  失败 56  CCTV-5+
2026-09-18T07:15:54+00:00 INFO    [run=90436e7e9a6e4a7e9dd89d48429f20f5 phase=speed_test event=progress.updated] 测速  158/12134 (1%)  有效 45  失败 113  CCTV-7
2026-09-18T07:16:24+00:00 INFO    [run=90436e7e9a6e4a7e9dd89d48429f20f5 phase=speed_test event=progress.updated] 测速  247/12134 (2%)  有效 83  失败 164  CCTV-12
2026-09-18T07:16:54+00:00 INFO    [run=90436e7e9a6e4a7e9dd89d48429f20f5 phase=speed_test event=progress.updated] 测速  346/12134 (2%)  有效 118  失败 228  CETV-2
2026-09-18T07:17:25+00:00 INFO    [run=90436e7e9a6e4a7e9dd89d48429f20f5 phase=speed_test event=progress.updated] 测速  417/12134 (3%)  有效 131  失败 286  CCTV4欧洲
2026-09-18T07:17:55+00:00 INFO    [run=90436e7e9a6e4a7e9dd89d48429f20f5 phase=speed_test event=progress.updated] 测速  511/12134 (4%)  有效 178  失败 333  女性时尚
2026-09-18T07:18:25+00:00 INFO    [run=90436e7e9a6e4a7e9dd89d48429f20f5 phase=speed_test event=progress.updated] 测速  617/12134 (5%)  有效 230  失败 387  湖北综合
2026-09-18T07:18:55+00:00 INFO    [run=90436e7e9a6e4a7e9dd89d48429f20f5 phase=speed_test event=progress.updated] 测速  707/12134 (5%)  有效 248  失败 459  北京卫视
2026-09-18T07:19:25+00:00 INFO    [run=90436e7e9a6e4a7e9dd89d48429f20f5 phase=speed_test event=progress.updated] 测速  831/12134 (6%)  有效 324  失败 507  江西卫视
2026-09-18T07:19:55+00:00 INFO    [run=90436e7e9a6e4a7e9dd89d48429f20f5 phase=speed_test event=progress.updated] 测速  930/12134 (7%)  有效 375  失败 555  海南卫视
2026-09-18T07:20:26+00:00 INFO    [run=90436e7e9a6e4a7e9dd89d48429f20f5 phase=speed_test event=progress.updated] 测速  1071/12134 (8%)  有效 447  失败 624  翡翠台
2026-09-18T07:20:56+00:00 INFO    [run=90436e7e9a6e4a7e9dd89d48429f20f5 phase=speed_test event=progress.updated] 测速  1162/12134 (9%)  有效 464  失败 698  凤凰卫视
2026-09-18T07:21:26+00:00 INFO    [run=90436e7e9a6e4a7e9dd89d48429f20f5 phase=speed_test event=progress.updated] 测速  1293/12134 (10%)  有效 499  失败 794  CHC高清电影
2026-09-18T07:21:57+00:00 INFO    [run=90436e7e9a6e4a7e9dd89d48429f20f5 phase=speed_test event=progress.updated] 测速  1365/12134 (11%)  有效 531  失败 834  欢笑影院
2026-09-18T07:22:27+00:00 INFO    [run=90436e7e9a6e4a7e9dd89d48429f20f5 phase=speed_test event=progress.updated] 测速  1429/12134 (11%)  有效 567  失败 862  神雕侠侣
2026-09-18T07:22:57+00:00 INFO    [run=90436e7e9a6e4a7e9dd89d48429f20f5 phase=speed_test event=progress.updated] 测速  1496/12134 (12%)  有效 587  失败 909  大宋提刑
2026-09-18T07:23:28+00:00 INFO    [run=90436e7e9a6e4a7e9dd89d48429f20f5 phase=speed_test event=progress.updated] 测速  1535/12134 (12%)  有效 599  失败 936  奇幻片系列
2026-09-18T07:23:58+00:00 INFO    [run=90436e7e9a6e4a7e9dd89d48429f20f5 phase=speed_test event=progress.updated] 测速  1573/12134 (12%)  有效 601  失败 972  都市剧专区
2026-09-18T07:24:29+00:00 INFO    [run=90436e7e9a6e4a7e9dd89d48429f20f5 phase=speed_test event=progress.updated] 测速  1624/12134 (13%)  有效 610  失败 1014  武侠剧专区
2026-09-18T07:24:59+00:00 INFO    [run=90436e7e9a6e4a7e9dd89d48429f20f5 phase=speed_test event=progress.updated] 测速  1774/12134 (14%)  有效 625  失败 1149  睛彩篮球
2026-09-18T07:25:29+00:00 INFO    [run=90436e7e9a6e4a7e9dd89d48429f20f5 phase=speed_test event=progress.updated] 测速  1862/12134 (15%)  有效 654  失败 1208  武术世界
2026-09-18T07:26:01+00:00 INFO    [run=90436e7e9a6e4a7e9dd89d48429f20f5 phase=speed_test event=progress.updated] 测速  1941/12134 (15%)  有效 664  失败 1277  咪咕直播1
2026-09-18T07:26:31+00:00 INFO    [run=90436e7e9a6e4a7e9dd89d48429f20f5 phase=speed_test event=progress.updated] 测速  1995/12134 (16%)  有效 664  失败 1331  劲爆体育
2026-09-18T07:27:02+00:00 INFO    [run=90436e7e9a6e4a7e9dd89d48429f20f5 phase=speed_test event=progress.updated] 测速  2065/12134 (17%)  有效 677  失败 1388  睛彩羽毛球
2026-09-18T07:27:20+00:00 INFO    [run=90436e7e9a6e4a7e9dd89d48429f20f5 phase=speed_test event=speed_test.artifacts_written] 测速明细已写入 output/log/speed_test.log，有效结果已写入 output/log/result.log
2026-09-18T07:27:20+00:00 INFO    [run=90436e7e9a6e4a7e9dd89d48429f20f5 phase=speed_test event=progress.finished] 测速  12134/12134  有效 689  失败 1428
2026-09-18T07:27:20+00:00 INFO    [run=90436e7e9a6e4a7e9dd89d48429f20f5 phase=output event=output.written] 结果文件生成完成：更新 3 个文件
2026-09-18T07:27:21+00:00 INFO    [run=90436e7e9a6e4a7e9dd89d48429f20f5 phase=statistics event=statistics.finished] 频道统计完成：测试 2117，有效 689
2026-09-18T07:27:22+00:00 INFO    [run=90436e7e9a6e4a7e9dd89d48429f20f5 phase=complete event=run.summary] 更新摘要
2026-09-18T07:27:22+00:00 INFO    [run=90436e7e9a6e4a7e9dd89d48429f20f5 phase=complete event=run.finished] 更新完成！总耗时：15:33
2026-09-19T07:09:14+00:00 INFO    [event=application.started] IPTV-API 版本: 3.0.0 (构建时间: 2026-08-07 11:45:59)
2026-09-19T07:09:14+00:00 INFO    [phase=prepare event=network.ipv6.checking] 🛜 正在检查当前网络是否支持IPv6...
2026-09-19T07:09:14+00:00 WARNING [phase=prepare event=network.ipv6.unsupported] 当前网络不支持IPv6，别担心，IPv6的结果会被保存下来
2026-09-19T07:09:14+00:00 INFO    [run=912e6b415369432ab7acfa9a09865e0c phase=prepare event=run.started] 性能模式: auto → balance，可用资源: 4.0 CPU / 15.61 GB，并发: 测速 8、媒体探测 2、源抓取 8
2026-09-19T07:09:14+00:00 INFO    [run=912e6b415369432ab7acfa9a09865e0c phase=prepare event=channels.catalog_loaded] 频道目录已加载：白名单 0，黑名单 14，台标 21
2026-09-19T07:09:14+00:00 INFO    [run=912e6b415369432ab7acfa9a09865e0c phase=fetch event=sources.subscribe.summary] 订阅源数量：20，订阅白名单数量：0，停用地址数量：0，有效总数量：20
2026-09-19T07:09:14+00:00 INFO    [run=912e6b415369432ab7acfa9a09865e0c phase=fetch event=progress.started] 正在进行获取订阅源  0/20
2026-09-19T07:09:14+00:00 INFO    [run=912e6b415369432ab7acfa9a09865e0c phase=fetch event=sources.epg.summary] EPG源数量：1，EPG白名单数量：0，停用地址数量：0，有效总数量：1
2026-09-19T07:09:14+00:00 INFO    [run=912e6b415369432ab7acfa9a09865e0c phase=fetch event=progress.started] 正在进行获取EPG源  0/1
2026-09-19T07:09:15+00:00 INFO    [run=912e6b415369432ab7acfa9a09865e0c phase=fetch event=epg.source_parsed] EPG 源解析完成：http://e.erw.cc/e.xml.gz，保留节目 3987 条
2026-09-19T07:09:15+00:00 INFO    [run=912e6b415369432ab7acfa9a09865e0c phase=fetch event=progress.updated] 正在进行获取EPG源  1/1 (100%)  剩余 0
2026-09-19T07:09:15+00:00 INFO    [run=912e6b415369432ab7acfa9a09865e0c phase=fetch event=sources.epg.finished] EPG源: ✅ 有效地址数量：1，⛔ 停用地址数量：0
2026-09-19T07:09:15+00:00 INFO    [run=912e6b415369432ab7acfa9a09865e0c phase=fetch event=progress.finished] 正在进行获取EPG源  1/1  匹配 114 个频道
2026-09-19T07:09:16+00:00 INFO    [run=912e6b415369432ab7acfa9a09865e0c phase=fetch event=progress.updated] 正在进行获取订阅源  1/20 (5%)  剩余 19
2026-09-19T07:09:16+00:00 INFO    [run=912e6b415369432ab7acfa9a09865e0c phase=fetch event=progress.updated] 正在进行获取订阅源  3/20 (15%)  剩余 17
2026-09-19T07:09:16+00:00 INFO    [run=912e6b415369432ab7acfa9a09865e0c phase=fetch event=progress.updated] 正在进行获取订阅源  5/20 (25%)  剩余 15
2026-09-19T07:09:17+00:00 INFO    [run=912e6b415369432ab7acfa9a09865e0c phase=fetch event=progress.updated] 正在进行获取订阅源  7/20 (35%)  剩余 13
2026-09-19T07:09:17+00:00 INFO    [run=912e6b415369432ab7acfa9a09865e0c phase=fetch event=progress.updated] 正在进行获取订阅源  9/20 (45%)  剩余 11
2026-09-19T07:09:17+00:00 WARNING [run=912e6b415369432ab7acfa9a09865e0c phase=fetch event=request.retrying] 🔄 请求http://cms.supertv01.com/zhibo/iptv.txt失败，正在进行第1次重试...
2026-09-19T07:09:17+00:00 INFO    [run=912e6b415369432ab7acfa9a09865e0c phase=fetch event=progress.updated] 正在进行获取订阅源  11/20 (55%)  剩余 9
2026-09-19T07:09:18+00:00 INFO    [run=912e6b415369432ab7acfa9a09865e0c phase=fetch event=progress.updated] 正在进行获取订阅源  13/20 (65%)  剩余 7
2026-09-19T07:09:18+00:00 WARNING [run=912e6b415369432ab7acfa9a09865e0c phase=fetch event=source.request_failed] 订阅源请求失败：❌ 请求http://cms.supertv01.com/zhibo/iptv.txt失败，已达到最大重试次数
2026-09-19T07:09:18+00:00 INFO    [run=912e6b415369432ab7acfa9a09865e0c phase=fetch event=progress.updated] 正在进行获取订阅源  15/20 (75%)  剩余 5
2026-09-19T07:09:18+00:00 INFO    [run=912e6b415369432ab7acfa9a09865e0c phase=fetch event=progress.updated] 正在进行获取订阅源  17/20 (85%)  剩余 3
2026-09-19T07:09:20+00:00 INFO    [run=912e6b415369432ab7acfa9a09865e0c phase=fetch event=progress.updated] 正在进行获取订阅源  19/20 (95%)  剩余 1
2026-09-19T07:09:21+00:00 INFO    [run=912e6b415369432ab7acfa9a09865e0c phase=fetch event=progress.updated] 正在进行获取订阅源  20/20 (100%)  剩余 0
2026-09-19T07:09:21+00:00 INFO    [run=912e6b415369432ab7acfa9a09865e0c phase=fetch event=sources.subscribe.finished] 订阅源: ✅ 有效地址数量：20，⛔ 停用地址数量：0
2026-09-19T07:09:21+00:00 INFO    [run=912e6b415369432ab7acfa9a09865e0c phase=fetch event=progress.finished] 正在进行获取订阅源  20/20  未匹配 10000
2026-09-19T07:11:23+00:00 INFO    [run=912e6b415369432ab7acfa9a09865e0c phase=aggregate event=channels.aggregated] 频道数据聚合完成：477 个频道，27436 个接口（IPv4 26123 / IPv6 1313）
2026-09-19T07:11:23+00:00 INFO    [run=912e6b415369432ab7acfa9a09865e0c phase=speed_test event=speed_test.planned] 总接口数量: 12882, 需要进行测速的接口数量: 12129
2026-09-19T07:11:23+00:00 INFO    [run=912e6b415369432ab7acfa9a09865e0c phase=speed_test event=progress.started] 测速  0/12129
2026-09-19T07:11:23+00:00 INFO    [run=912e6b415369432ab7acfa9a09865e0c phase=speed_test event=progress.updated] 测速  1/12129 (0%)  有效 0  失败 1  CCTV-1
2026-09-19T07:11:53+00:00 INFO    [run=912e6b415369432ab7acfa9a09865e0c phase=speed_test event=progress.updated] 测速  80/12129 (0%)  有效 19  失败 61  CCTV-4
2026-09-19T07:12:24+00:00 INFO    [run=912e6b415369432ab7acfa9a09865e0c phase=speed_test event=progress.updated] 测速  154/12129 (1%)  有效 36  失败 118  CCTV-6
2026-09-19T07:12:54+00:00 INFO    [run=912e6b415369432ab7acfa9a09865e0c phase=speed_test event=progress.updated] 测速  237/12129 (1%)  有效 66  失败 171  CCTV-10
2026-09-19T07:13:24+00:00 INFO    [run=912e6b415369432ab7acfa9a09865e0c phase=speed_test event=progress.updated] 测速  331/12129 (2%)  有效 116  失败 215  CETV-2
2026-09-19T07:13:55+00:00 INFO    [run=912e6b415369432ab7acfa9a09865e0c phase=speed_test event=progress.updated] 测速  405/12129 (3%)  有效 124  失败 281  CETV-4
2026-09-19T07:14:25+00:00 INFO    [run=912e6b415369432ab7acfa9a09865e0c phase=speed_test event=progress.updated] 测速  475/12129 (3%)  有效 126  失败 349  CCTV4欧洲
2026-09-19T07:14:55+00:00 INFO    [run=912e6b415369432ab7acfa9a09865e0c phase=speed_test event=progress.updated] 测速  586/12129 (4%)  有效 171  失败 415  怀旧剧场
2026-09-19T07:15:26+00:00 INFO    [run=912e6b415369432ab7acfa9a09865e0c phase=speed_test event=progress.updated] 测速  678/12129 (5%)  有效 204  失败 474  CGTN法语
2026-09-19T07:15:56+00:00 INFO    [run=912e6b415369432ab7acfa9a09865e0c phase=speed_test event=progress.updated] 测速  787/12129 (6%)  有效 215  失败 572  湖北影视
2026-09-19T07:16:27+00:00 INFO    [run=912e6b415369432ab7acfa9a09865e0c phase=speed_test event=progress.updated] 测速  869/12129 (7%)  有效 235  失败 634  江苏卫视
2026-09-19T07:16:57+00:00 INFO    [run=912e6b415369432ab7acfa9a09865e0c phase=speed_test event=progress.updated] 测速  1005/12129 (8%)  有效 330  失败 675  湖北卫视
2026-09-19T07:17:27+00:00 INFO    [run=912e6b415369432ab7acfa9a09865e0c phase=speed_test event=progress.updated] 测速  1149/12129 (9%)  有效 421  失败 728  内蒙古卫视
2026-09-19T07:17:57+00:00 INFO    [run=912e6b415369432ab7acfa9a09865e0c phase=speed_test event=progress.updated] 测速  1231/12129 (10%)  有效 428  失败 803  凤凰中文
2026-09-19T07:18:27+00:00 INFO    [run=912e6b415369432ab7acfa9a09865e0c phase=speed_test event=progress.updated] 测速  1312/12129 (10%)  有效 445  失败 867  凤凰卫视
2026-09-19T07:18:58+00:00 INFO    [run=912e6b415369432ab7acfa9a09865e0c phase=speed_test event=progress.updated] 测速  1454/12129 (11%)  有效 484  失败 970  CHC高清电影
2026-09-19T07:19:28+00:00 INFO    [run=912e6b415369432ab7acfa9a09865e0c phase=speed_test event=progress.updated] 测速  1541/12129 (12%)  有效 520  失败 1021  金庸武侠
2026-09-19T07:19:58+00:00 INFO    [run=912e6b415369432ab7acfa9a09865e0c phase=speed_test event=progress.updated] 测速  1607/12129 (13%)  有效 561  失败 1046  刑事侦缉
2026-09-19T07:20:28+00:00 INFO    [run=912e6b415369432ab7acfa9a09865e0c phase=speed_test event=progress.updated] 测速  1681/12129 (13%)  有效 583  失败 1098  炊事班的
2026-09-19T07:21:00+00:00 INFO    [run=912e6b415369432ab7acfa9a09865e0c phase=speed_test event=progress.updated] 测速  1727/12129 (14%)  有效 596  失败 1131  奇幻片系列
2026-09-19T07:21:30+00:00 INFO    [run=912e6b415369432ab7acfa9a09865e0c phase=speed_test event=progress.updated] 测速  1765/12129 (14%)  有效 597  失败 1168  家庭剧专区
2026-09-19T07:22:01+00:00 INFO    [run=912e6b415369432ab7acfa9a09865e0c phase=speed_test event=progress.updated] 测速  1818/12129 (14%)  有效 606  失败 1212  淘剧场
2026-09-19T07:22:32+00:00 INFO    [run=912e6b415369432ab7acfa9a09865e0c phase=speed_test event=progress.updated] 测速  1965/12129 (16%)  有效 618  失败 1347  睛彩篮球
2026-09-19T07:23:02+00:00 INFO    [run=912e6b415369432ab7acfa9a09865e0c phase=speed_test event=progress.updated] 测速  2058/12129 (16%)  有效 643  失败 1415  山东体育
2026-09-19T07:23:33+00:00 INFO    [run=912e6b415369432ab7acfa9a09865e0c phase=speed_test event=progress.updated] 测速  2140/12129 (17%)  有效 652  失败 1488  智林体育
2026-09-19T07:24:03+00:00 INFO    [run=912e6b415369432ab7acfa9a09865e0c phase=speed_test event=progress.updated] 测速  2187/12129 (18%)  有效 652  失败 1535  咪咕直播23
2026-09-19T07:24:33+00:00 INFO    [run=912e6b415369432ab7acfa9a09865e0c phase=speed_test event=progress.updated] 测速  2253/12129 (18%)  有效 665  失败 1588  安徽综艺体育
2026-09-19T07:25:02+00:00 INFO    [run=912e6b415369432ab7acfa9a09865e0c phase=speed_test event=speed_test.artifacts_written] 测速明细已写入 output/log/speed_test.log，有效结果已写入 output/log/result.log
2026-09-19T07:25:02+00:00 INFO    [run=912e6b415369432ab7acfa9a09865e0c phase=speed_test event=progress.finished] 测速  12129/12129  有效 678  失败 1645
2026-09-19T07:25:02+00:00 INFO    [run=912e6b415369432ab7acfa9a09865e0c phase=output event=output.written] 结果文件生成完成：更新 3 个文件
2026-09-19T07:25:03+00:00 INFO    [run=912e6b415369432ab7acfa9a09865e0c phase=statistics event=statistics.finished] 频道统计完成：测试 2323，有效 678
2026-09-19T07:25:03+00:00 INFO    [run=912e6b415369432ab7acfa9a09865e0c phase=complete event=run.summary] 更新摘要
2026-09-19T07:25:03+00:00 INFO    [run=912e6b415369432ab7acfa9a09865e0c phase=complete event=run.finished] 更新完成！总耗时：15:48
2026-09-20T07:34:11+00:00 INFO    [event=application.started] IPTV-API 版本: 3.0.0 (构建时间: 2026-08-07 11:45:59)
2026-09-20T07:34:12+00:00 INFO    [phase=prepare event=network.ipv6.checking] 🛜 正在检查当前网络是否支持IPv6...
2026-09-20T07:34:12+00:00 WARNING [phase=prepare event=network.ipv6.unsupported] 当前网络不支持IPv6，别担心，IPv6的结果会被保存下来
2026-09-20T07:34:12+00:00 INFO    [run=ef973876ab174b9485467c4a298c30c8 phase=prepare event=run.started] 性能模式: auto → balance，可用资源: 4.0 CPU / 15.61 GB，并发: 测速 8、媒体探测 2、源抓取 8
2026-09-20T07:34:12+00:00 INFO    [run=ef973876ab174b9485467c4a298c30c8 phase=prepare event=channels.catalog_loaded] 频道目录已加载：白名单 0，黑名单 14，台标 21
2026-09-20T07:34:12+00:00 INFO    [run=ef973876ab174b9485467c4a298c30c8 phase=fetch event=sources.subscribe.summary] 订阅源数量：20，订阅白名单数量：0，停用地址数量：0，有效总数量：20
2026-09-20T07:34:12+00:00 INFO    [run=ef973876ab174b9485467c4a298c30c8 phase=fetch event=progress.started] 正在进行获取订阅源  0/20
2026-09-20T07:34:12+00:00 INFO    [run=ef973876ab174b9485467c4a298c30c8 phase=fetch event=sources.epg.summary] EPG源数量：1，EPG白名单数量：0，停用地址数量：0，有效总数量：1
2026-09-20T07:34:12+00:00 INFO    [run=ef973876ab174b9485467c4a298c30c8 phase=fetch event=progress.started] 正在进行获取EPG源  0/1
2026-09-20T07:34:13+00:00 INFO    [run=ef973876ab174b9485467c4a298c30c8 phase=fetch event=progress.updated] 正在进行获取订阅源  1/20 (5%)  剩余 19
2026-09-20T07:34:13+00:00 INFO    [run=ef973876ab174b9485467c4a298c30c8 phase=fetch event=epg.source_parsed] EPG 源解析完成：http://e.erw.cc/e.xml.gz，保留节目 3936 条
2026-09-20T07:34:13+00:00 INFO    [run=ef973876ab174b9485467c4a298c30c8 phase=fetch event=progress.updated] 正在进行获取EPG源  1/1 (100%)  剩余 0
2026-09-20T07:34:13+00:00 INFO    [run=ef973876ab174b9485467c4a298c30c8 phase=fetch event=sources.epg.finished] EPG源: ✅ 有效地址数量：1，⛔ 停用地址数量：0
2026-09-20T07:34:13+00:00 INFO    [run=ef973876ab174b9485467c4a298c30c8 phase=fetch event=progress.finished] 正在进行获取EPG源  1/1  匹配 114 个频道
2026-09-20T07:34:13+00:00 INFO    [run=ef973876ab174b9485467c4a298c30c8 phase=fetch event=progress.updated] 正在进行获取订阅源  3/20 (15%)  剩余 17
2026-09-20T07:34:13+00:00 INFO    [run=ef973876ab174b9485467c4a298c30c8 phase=fetch event=progress.updated] 正在进行获取订阅源  5/20 (25%)  剩余 15
2026-09-20T07:34:14+00:00 INFO    [run=ef973876ab174b9485467c4a298c30c8 phase=fetch event=progress.updated] 正在进行获取订阅源  7/20 (35%)  剩余 13
2026-09-20T07:34:14+00:00 INFO    [run=ef973876ab174b9485467c4a298c30c8 phase=fetch event=progress.updated] 正在进行获取订阅源  9/20 (45%)  剩余 11
2026-09-20T07:34:15+00:00 INFO    [run=ef973876ab174b9485467c4a298c30c8 phase=fetch event=progress.updated] 正在进行获取订阅源  11/20 (55%)  剩余 9
2026-09-20T07:34:15+00:00 INFO    [run=ef973876ab174b9485467c4a298c30c8 phase=fetch event=progress.updated] 正在进行获取订阅源  13/20 (65%)  剩余 7
2026-09-20T07:34:15+00:00 WARNING [run=ef973876ab174b9485467c4a298c30c8 phase=fetch event=request.retrying] 🔄 请求http://cms.supertv01.com/zhibo/iptv.txt失败，正在进行第1次重试...
2026-09-20T07:34:16+00:00 INFO    [run=ef973876ab174b9485467c4a298c30c8 phase=fetch event=progress.updated] 正在进行获取订阅源  15/20 (75%)  剩余 5
2026-09-20T07:34:16+00:00 WARNING [run=ef973876ab174b9485467c4a298c30c8 phase=fetch event=source.request_failed] 订阅源请求失败：❌ 请求http://cms.supertv01.com/zhibo/iptv.txt失败，已达到最大重试次数
2026-09-20T07:34:16+00:00 INFO    [run=ef973876ab174b9485467c4a298c30c8 phase=fetch event=progress.updated] 正在进行获取订阅源  17/20 (85%)  剩余 3
2026-09-20T07:34:18+00:00 INFO    [run=ef973876ab174b9485467c4a298c30c8 phase=fetch event=progress.updated] 正在进行获取订阅源  19/20 (95%)  剩余 1
2026-09-20T07:34:19+00:00 INFO    [run=ef973876ab174b9485467c4a298c30c8 phase=fetch event=progress.updated] 正在进行获取订阅源  20/20 (100%)  剩余 0
2026-09-20T07:34:20+00:00 INFO    [run=ef973876ab174b9485467c4a298c30c8 phase=fetch event=sources.subscribe.finished] 订阅源: ✅ 有效地址数量：20，⛔ 停用地址数量：0
2026-09-20T07:34:20+00:00 INFO    [run=ef973876ab174b9485467c4a298c30c8 phase=fetch event=progress.finished] 正在进行获取订阅源  20/20  未匹配 10000
2026-09-20T07:36:25+00:00 INFO    [run=ef973876ab174b9485467c4a298c30c8 phase=aggregate event=channels.aggregated] 频道数据聚合完成：477 个频道，28971 个接口（IPv4 26312 / IPv6 2659）
2026-09-20T07:36:25+00:00 INFO    [run=ef973876ab174b9485467c4a298c30c8 phase=speed_test event=speed_test.planned] 总接口数量: 13914, 需要进行测速的接口数量: 12256
2026-09-20T07:36:25+00:00 INFO    [run=ef973876ab174b9485467c4a298c30c8 phase=speed_test event=progress.started] 测速  0/12256
2026-09-20T07:36:25+00:00 INFO    [run=ef973876ab174b9485467c4a298c30c8 phase=speed_test event=progress.updated] 测速  1/12256 (0%)  有效 0  失败 1  CCTV-1
2026-09-20T07:36:55+00:00 INFO    [run=ef973876ab174b9485467c4a298c30c8 phase=speed_test event=progress.updated] 测速  97/12256 (0%)  有效 32  失败 65  CCTV-5+
2026-09-20T07:37:26+00:00 INFO    [run=ef973876ab174b9485467c4a298c30c8 phase=speed_test event=progress.updated] 测速  153/12256 (1%)  有效 33  失败 120  CCTV-5+
2026-09-20T07:37:56+00:00 INFO    [run=ef973876ab174b9485467c4a298c30c8 phase=speed_test event=progress.updated] 测速  218/12256 (1%)  有效 33  失败 185  CCTV-5+
2026-09-20T07:38:26+00:00 INFO    [run=ef973876ab174b9485467c4a298c30c8 phase=speed_test event=progress.updated] 测速  316/12256 (2%)  有效 64  失败 252  CCTV-11
2026-09-20T07:38:56+00:00 INFO    [run=ef973876ab174b9485467c4a298c30c8 phase=speed_test event=progress.updated] 测速  384/12256 (3%)  有效 82  失败 302  CCTV-13
2026-09-20T07:39:26+00:00 INFO    [run=ef973876ab174b9485467c4a298c30c8 phase=speed_test event=progress.updated] 测速  467/12256 (3%)  有效 113  失败 354  CETV-1
2026-09-20T07:39:56+00:00 INFO    [run=ef973876ab174b9485467c4a298c30c8 phase=speed_test event=progress.updated] 测速  549/12256 (4%)  有效 121  失败 428  CETV-3
2026-09-20T07:40:26+00:00 INFO    [run=ef973876ab174b9485467c4a298c30c8 phase=speed_test event=progress.updated] 测速  626/12256 (5%)  有效 122  失败 504  CETV-4
2026-09-20T07:40:56+00:00 INFO    [run=ef973876ab174b9485467c4a298c30c8 phase=speed_test event=progress.updated] 测速  705/12256 (5%)  有效 124  失败 581  CCTV4美洲
2026-09-20T07:41:26+00:00 INFO    [run=ef973876ab174b9485467c4a298c30c8 phase=speed_test event=progress.updated] 测速  817/12256 (6%)  有效 182  失败 635  世界地理
2026-09-20T07:41:57+00:00 INFO    [run=ef973876ab174b9485467c4a298c30c8 phase=speed_test event=progress.updated] 测速  900/12256 (7%)  有效 198  失败 702  CGTN法语
2026-09-20T07:42:27+00:00 INFO    [run=ef973876ab174b9485467c4a298c30c8 phase=speed_test event=progress.updated] 测速  1010/12256 (8%)  有效 207  失败 803  武汉新闻综合
2026-09-20T07:42:58+00:00 INFO    [run=ef973876ab174b9485467c4a298c30c8 phase=speed_test event=progress.updated] 测速  1167/12256 (9%)  有效 312  失败 855  贵州卫视
2026-09-20T07:43:28+00:00 INFO    [run=ef973876ab174b9485467c4a298c30c8 phase=speed_test event=progress.updated] 测速  1244/12256 (10%)  有效 346  失败 898  东南卫视
2026-09-20T07:43:58+00:00 INFO    [run=ef973876ab174b9485467c4a298c30c8 phase=speed_test event=progress.updated] 测速  1402/12256 (11%)  有效 416  失败 986  明珠台
2026-09-20T07:44:29+00:00 INFO    [run=ef973876ab174b9485467c4a298c30c8 phase=speed_test event=progress.updated] 测速  1526/12256 (12%)  有效 438  失败 1088  三立新闻
2026-09-20T07:45:00+00:00 INFO    [run=ef973876ab174b9485467c4a298c30c8 phase=speed_test event=progress.updated] 测速  1630/12256 (13%)  有效 459  失败 1171  CHC高清电影
2026-09-20T07:45:30+00:00 INFO    [run=ef973876ab174b9485467c4a298c30c8 phase=speed_test event=progress.updated] 测速  1717/12256 (14%)  有效 498  失败 1219  埋堆堆
2026-09-20T07:46:01+00:00 INFO    [run=ef973876ab174b9485467c4a298c30c8 phase=speed_test event=progress.updated] 测速  1783/12256 (14%)  有效 534  失败 1249  法证先锋
2026-09-20T07:46:34+00:00 INFO    [run=ef973876ab174b9485467c4a298c30c8 phase=speed_test event=progress.updated] 测速  1858/12256 (15%)  有效 562  失败 1296  全职高手
2026-09-20T07:47:04+00:00 INFO    [run=ef973876ab174b9485467c4a298c30c8 phase=speed_test event=progress.updated] 测速  1905/12256 (15%)  有效 578  失败 1327  动作片系列
2026-09-20T07:47:35+00:00 INFO    [run=ef973876ab174b9485467c4a298c30c8 phase=speed_test event=progress.updated] 测速  1941/12256 (15%)  有效 578  失败 1363  经典剧专区
2026-09-20T07:48:05+00:00 INFO    [run=ef973876ab174b9485467c4a298c30c8 phase=speed_test event=progress.updated] 测速  1988/12256 (16%)  有效 583  失败 1405  爱情剧专区
2026-09-20T07:48:35+00:00 INFO    [run=ef973876ab174b9485467c4a298c30c8 phase=speed_test event=progress.updated] 测速  2102/12256 (17%)  有效 593  失败 1509  天映经典
2026-09-20T07:49:05+00:00 INFO    [run=ef973876ab174b9485467c4a298c30c8 phase=speed_test event=progress.updated] 测速  2192/12256 (17%)  有效 600  失败 1592  睛彩广场舞
2026-09-20T07:49:36+00:00 INFO    [run=ef973876ab174b9485467c4a298c30c8 phase=speed_test event=progress.updated] 测速  2285/12256 (18%)  有效 623  失败 1662  武术世界
2026-09-20T07:50:06+00:00 INFO    [run=ef973876ab174b9485467c4a298c30c8 phase=speed_test event=progress.updated] 测速  2355/12256 (19%)  有效 629  失败 1726  咪咕直播6
2026-09-20T07:50:36+00:00 INFO    [run=ef973876ab174b9485467c4a298c30c8 phase=speed_test event=progress.updated] 测速  2404/12256 (19%)  有效 629  失败 1775  超级体育
2026-09-20T07:51:06+00:00 INFO    [run=ef973876ab174b9485467c4a298c30c8 phase=speed_test event=progress.updated] 测速  2467/12256 (20%)  有效 640  失败 1827  安徽综艺体育
2026-09-20T07:51:26+00:00 INFO    [run=ef973876ab174b9485467c4a298c30c8 phase=speed_test event=speed_test.artifacts_written] 测速明细已写入 output/log/speed_test.log，有效结果已写入 output/log/result.log
2026-09-20T07:51:26+00:00 INFO    [run=ef973876ab174b9485467c4a298c30c8 phase=speed_test event=progress.finished] 测速  12256/12256  有效 651  失败 1873
2026-09-20T07:51:26+00:00 INFO    [run=ef973876ab174b9485467c4a298c30c8 phase=output event=output.written] 结果文件生成完成：更新 3 个文件
2026-09-20T07:51:28+00:00 INFO    [run=ef973876ab174b9485467c4a298c30c8 phase=statistics event=statistics.finished] 频道统计完成：测试 2524，有效 651
2026-09-20T07:51:28+00:00 INFO    [run=ef973876ab174b9485467c4a298c30c8 phase=complete event=run.summary] 更新摘要
2026-09-20T07:51:28+00:00 INFO    [run=ef973876ab174b9485467c4a298c30c8 phase=complete event=run.finished] 更新完成！总耗时：17:15
2026-09-21T07:46:16+00:00 INFO    [event=application.started] IPTV-API 版本: 3.0.0 (构建时间: 2026-08-07 11:45:59)
2026-09-21T07:46:16+00:00 INFO    [phase=prepare event=network.ipv6.checking] 🛜 正在检查当前网络是否支持IPv6...
2026-09-21T07:46:16+00:00 WARNING [phase=prepare event=network.ipv6.unsupported] 当前网络不支持IPv6，别担心，IPv6的结果会被保存下来
2026-09-21T07:46:16+00:00 INFO    [run=4af9b25591d14635b573d4d5c3a7a9f8 phase=prepare event=run.started] 性能模式: auto → balance，可用资源: 4.0 CPU / 15.61 GB，并发: 测速 8、媒体探测 2、源抓取 8
2026-09-21T07:46:16+00:00 INFO    [run=4af9b25591d14635b573d4d5c3a7a9f8 phase=prepare event=channels.catalog_loaded] 频道目录已加载：白名单 0，黑名单 14，台标 21
2026-09-21T07:46:16+00:00 INFO    [run=4af9b25591d14635b573d4d5c3a7a9f8 phase=fetch event=sources.subscribe.summary] 订阅源数量：20，订阅白名单数量：0，停用地址数量：0，有效总数量：20
2026-09-21T07:46:16+00:00 INFO    [run=4af9b25591d14635b573d4d5c3a7a9f8 phase=fetch event=progress.started] 正在进行获取订阅源  0/20
2026-09-21T07:46:17+00:00 INFO    [run=4af9b25591d14635b573d4d5c3a7a9f8 phase=fetch event=sources.epg.summary] EPG源数量：1，EPG白名单数量：0，停用地址数量：0，有效总数量：1
2026-09-21T07:46:17+00:00 INFO    [run=4af9b25591d14635b573d4d5c3a7a9f8 phase=fetch event=progress.started] 正在进行获取EPG源  0/1
2026-09-21T07:46:18+00:00 INFO    [run=4af9b25591d14635b573d4d5c3a7a9f8 phase=fetch event=epg.source_parsed] EPG 源解析完成：http://e.erw.cc/e.xml.gz，保留节目 3920 条
2026-09-21T07:46:18+00:00 INFO    [run=4af9b25591d14635b573d4d5c3a7a9f8 phase=fetch event=progress.updated] 正在进行获取EPG源  1/1 (100%)  剩余 0
2026-09-21T07:46:18+00:00 INFO    [run=4af9b25591d14635b573d4d5c3a7a9f8 phase=fetch event=sources.epg.finished] EPG源: ✅ 有效地址数量：1，⛔ 停用地址数量：0
2026-09-21T07:46:18+00:00 INFO    [run=4af9b25591d14635b573d4d5c3a7a9f8 phase=fetch event=progress.finished] 正在进行获取EPG源  1/1  匹配 114 个频道
2026-09-21T07:46:18+00:00 INFO    [run=4af9b25591d14635b573d4d5c3a7a9f8 phase=fetch event=progress.updated] 正在进行获取订阅源  1/20 (5%)  剩余 19
2026-09-21T07:46:18+00:00 INFO    [run=4af9b25591d14635b573d4d5c3a7a9f8 phase=fetch event=progress.updated] 正在进行获取订阅源  3/20 (15%)  剩余 17
2026-09-21T07:46:18+00:00 INFO    [run=4af9b25591d14635b573d4d5c3a7a9f8 phase=fetch event=progress.updated] 正在进行获取订阅源  5/20 (25%)  剩余 15
2026-09-21T07:46:18+00:00 INFO    [run=4af9b25591d14635b573d4d5c3a7a9f8 phase=fetch event=progress.updated] 正在进行获取订阅源  7/20 (35%)  剩余 13
2026-09-21T07:46:19+00:00 INFO    [run=4af9b25591d14635b573d4d5c3a7a9f8 phase=fetch event=progress.updated] 正在进行获取订阅源  9/20 (45%)  剩余 11
2026-09-21T07:46:19+00:00 INFO    [run=4af9b25591d14635b573d4d5c3a7a9f8 phase=fetch event=progress.updated] 正在进行获取订阅源  11/20 (55%)  剩余 9
2026-09-21T07:46:20+00:00 INFO    [run=4af9b25591d14635b573d4d5c3a7a9f8 phase=fetch event=progress.updated] 正在进行获取订阅源  13/20 (65%)  剩余 7
2026-09-21T07:46:20+00:00 WARNING [run=4af9b25591d14635b573d4d5c3a7a9f8 phase=fetch event=request.retrying] 🔄 请求http://cms.supertv01.com/zhibo/iptv.txt失败，正在进行第1次重试...
2026-09-21T07:46:20+00:00 INFO    [run=4af9b25591d14635b573d4d5c3a7a9f8 phase=fetch event=progress.updated] 正在进行获取订阅源  15/20 (75%)  剩余 5
2026-09-21T07:46:21+00:00 WARNING [run=4af9b25591d14635b573d4d5c3a7a9f8 phase=fetch event=source.request_failed] 订阅源请求失败：❌ 请求http://cms.supertv01.com/zhibo/iptv.txt失败，已达到最大重试次数
2026-09-21T07:46:21+00:00 INFO    [run=4af9b25591d14635b573d4d5c3a7a9f8 phase=fetch event=progress.updated] 正在进行获取订阅源  17/20 (85%)  剩余 3
2026-09-21T07:46:22+00:00 INFO    [run=4af9b25591d14635b573d4d5c3a7a9f8 phase=fetch event=progress.updated] 正在进行获取订阅源  19/20 (95%)  剩余 1
2026-09-21T07:46:23+00:00 INFO    [run=4af9b25591d14635b573d4d5c3a7a9f8 phase=fetch event=progress.updated] 正在进行获取订阅源  20/20 (100%)  剩余 0
2026-09-21T07:46:23+00:00 INFO    [run=4af9b25591d14635b573d4d5c3a7a9f8 phase=fetch event=sources.subscribe.finished] 订阅源: ✅ 有效地址数量：20，⛔ 停用地址数量：0
2026-09-21T07:46:23+00:00 INFO    [run=4af9b25591d14635b573d4d5c3a7a9f8 phase=fetch event=progress.finished] 正在进行获取订阅源  20/20  未匹配 10000
2026-09-21T07:49:04+00:00 INFO    [run=4af9b25591d14635b573d4d5c3a7a9f8 phase=aggregate event=channels.aggregated] 频道数据聚合完成：477 个频道，26998 个接口（IPv4 25542 / IPv6 1456）
2026-09-21T07:49:04+00:00 INFO    [run=4af9b25591d14635b573d4d5c3a7a9f8 phase=speed_test event=speed_test.planned] 总接口数量: 12756, 需要进行测速的接口数量: 11933
2026-09-21T07:49:04+00:00 INFO    [run=4af9b25591d14635b573d4d5c3a7a9f8 phase=speed_test event=progress.started] 测速  0/11933
2026-09-21T07:49:05+00:00 INFO    [run=4af9b25591d14635b573d4d5c3a7a9f8 phase=speed_test event=progress.updated] 测速  1/11933 (0%)  有效 1  失败 0  CCTV-1
2026-09-21T07:49:36+00:00 INFO    [run=4af9b25591d14635b573d4d5c3a7a9f8 phase=speed_test event=progress.updated] 测速  78/11933 (0%)  有效 31  失败 47  CCTV-5+
2026-09-21T07:50:06+00:00 INFO    [run=4af9b25591d14635b573d4d5c3a7a9f8 phase=speed_test event=progress.updated] 测速  137/11933 (1%)  有效 31  失败 106  CCTV-5+
2026-09-21T07:50:37+00:00 INFO    [run=4af9b25591d14635b573d4d5c3a7a9f8 phase=speed_test event=progress.updated] 测速  209/11933 (1%)  有效 32  失败 177  CCTV-5+
2026-09-21T07:51:07+00:00 INFO    [run=4af9b25591d14635b573d4d5c3a7a9f8 phase=speed_test event=progress.updated] 测速  295/11933 (2%)  有效 64  失败 231  CCTV-9
2026-09-21T07:51:37+00:00 INFO    [run=4af9b25591d14635b573d4d5c3a7a9f8 phase=speed_test event=progress.updated] 测速  365/11933 (3%)  有效 76  失败 289  CCTV-13
2026-09-21T07:52:08+00:00 INFO    [run=4af9b25591d14635b573d4d5c3a7a9f8 phase=speed_test event=progress.updated] 测速  435/11933 (3%)  有效 96  失败 339  CCTV-15
2026-09-21T07:52:38+00:00 INFO    [run=4af9b25591d14635b573d4d5c3a7a9f8 phase=speed_test event=progress.updated] 测速  505/11933 (4%)  有效 110  失败 395  CETV-1
2026-09-21T07:53:08+00:00 INFO    [run=4af9b25591d14635b573d4d5c3a7a9f8 phase=speed_test event=progress.updated] 测速  585/11933 (4%)  有效 113  失败 472  CETV-2
2026-09-21T07:53:39+00:00 INFO    [run=4af9b25591d14635b573d4d5c3a7a9f8 phase=speed_test event=progress.updated] 测速  656/11933 (5%)  有效 120  失败 536  CETV-4
2026-09-21T07:54:10+00:00 INFO    [run=4af9b25591d14635b573d4d5c3a7a9f8 phase=speed_test event=progress.updated] 测速  717/11933 (6%)  有效 120  失败 597  CCTV4欧洲
2026-09-21T07:54:41+00:00 INFO    [run=4af9b25591d14635b573d4d5c3a7a9f8 phase=speed_test event=progress.updated] 测速  788/11933 (6%)  有效 128  失败 660  央视台球
2026-09-21T07:55:11+00:00 INFO    [run=4af9b25591d14635b573d4d5c3a7a9f8 phase=speed_test event=progress.updated] 测速  845/11933 (7%)  有效 134  失败 711  风云音乐
2026-09-21T07:55:41+00:00 INFO    [run=4af9b25591d14635b573d4d5c3a7a9f8 phase=speed_test event=progress.updated] 测速  948/11933 (7%)  有效 189  失败 759  CGTN法语
2026-09-21T07:56:11+00:00 INFO    [run=4af9b25591d14635b573d4d5c3a7a9f8 phase=speed_test event=progress.updated] 测速  1022/11933 (8%)  有效 194  失败 828  湖北综合
2026-09-21T07:56:41+00:00 INFO    [run=4af9b25591d14635b573d4d5c3a7a9f8 phase=speed_test event=progress.updated] 测速  1121/11933 (9%)  有效 196  失败 925  武汉文体
2026-09-21T07:57:12+00:00 INFO    [run=4af9b25591d14635b573d4d5c3a7a9f8 phase=speed_test event=progress.updated] 测速  1270/11933 (10%)  有效 304  失败 966  湖北卫视
2026-09-21T07:57:42+00:00 INFO    [run=4af9b25591d14635b573d4d5c3a7a9f8 phase=speed_test event=progress.updated] 测速  1394/11933 (11%)  有效 375  失败 1019  兵团卫视
2026-09-21T07:58:13+00:00 INFO    [run=4af9b25591d14635b573d4d5c3a7a9f8 phase=speed_test event=progress.updated] 测速  1499/11933 (12%)  有效 406  失败 1093  明珠台
2026-09-21T07:58:43+00:00 INFO    [run=4af9b25591d14635b573d4d5c3a7a9f8 phase=speed_test event=progress.updated] 测速  1583/11933 (13%)  有效 412  失败 1171  凤凰香港
2026-09-21T07:59:15+00:00 INFO    [run=4af9b25591d14635b573d4d5c3a7a9f8 phase=speed_test event=progress.updated] 测速  1724/11933 (14%)  有效 443  失败 1281  CHC家庭影院
2026-09-21T07:59:45+00:00 INFO    [run=4af9b25591d14635b573d4d5c3a7a9f8 phase=speed_test event=progress.updated] 测速  1792/11933 (15%)  有效 460  失败 1332  陈情令
2026-09-21T08:00:15+00:00 INFO    [run=4af9b25591d14635b573d4d5c3a7a9f8 phase=speed_test event=progress.updated] 测速  1871/11933 (15%)  有效 494  失败 1377  国产轮播
2026-09-21T08:00:45+00:00 INFO    [run=4af9b25591d14635b573d4d5c3a7a9f8 phase=speed_test event=progress.updated] 测速  1935/11933 (16%)  有效 518  失败 1417  绝代双娇
2026-09-21T08:01:16+00:00 INFO    [run=4af9b25591d14635b573d4d5c3a7a9f8 phase=speed_test event=progress.updated] 测速  2007/11933 (16%)  有效 540  失败 1467  星汉灿烂
2026-09-21T08:01:46+00:00 INFO    [run=4af9b25591d14635b573d4d5c3a7a9f8 phase=speed_test event=progress.updated] 测速  2045/11933 (17%)  有效 548  失败 1497  英雄片系列
2026-09-21T08:02:17+00:00 INFO    [run=4af9b25591d14635b573d4d5c3a7a9f8 phase=speed_test event=progress.updated] 测速  2101/11933 (17%)  有效 551  失败 1550  古装剧专区
2026-09-21T08:02:47+00:00 INFO    [run=4af9b25591d14635b573d4d5c3a7a9f8 phase=speed_test event=progress.updated] 测速  2179/11933 (18%)  有效 561  失败 1618  靖天映画
2026-09-21T08:03:17+00:00 INFO    [run=4af9b25591d14635b573d4d5c3a7a9f8 phase=speed_test event=progress.updated] 测速  2298/11933 (19%)  有效 567  失败 1731  睛彩青少
2026-09-21T08:03:48+00:00 INFO    [run=4af9b25591d14635b573d4d5c3a7a9f8 phase=speed_test event=progress.updated] 测速  2387/11933 (20%)  有效 588  失败 1799  武术世界
2026-09-21T08:04:19+00:00 INFO    [run=4af9b25591d14635b573d4d5c3a7a9f8 phase=speed_test event=progress.updated] 测速  2454/11933 (20%)  有效 592  失败 1862  快乐垂钓
2026-09-21T08:04:50+00:00 INFO    [run=4af9b25591d14635b573d4d5c3a7a9f8 phase=speed_test event=progress.updated] 测速  2498/11933 (20%)  有效 593  失败 1905  咪咕直播7
2026-09-21T08:05:21+00:00 INFO    [run=4af9b25591d14635b573d4d5c3a7a9f8 phase=speed_test event=progress.updated] 测速  2522/11933 (21%)  有效 593  失败 1929  咪咕直播19
2026-09-21T08:05:52+00:00 INFO    [run=4af9b25591d14635b573d4d5c3a7a9f8 phase=speed_test event=progress.updated] 测速  2559/11933 (21%)  有效 595  失败 1964  深圳体育
2026-09-21T08:06:24+00:00 INFO    [run=4af9b25591d14635b573d4d5c3a7a9f8 phase=speed_test event=progress.updated] 测速  2630/11933 (22%)  有效 607  失败 2023  天元围棋
2026-09-21T08:06:40+00:00 INFO    [run=4af9b25591d14635b573d4d5c3a7a9f8 phase=speed_test event=speed_test.artifacts_written] 测速明细已写入 output/log/speed_test.log，有效结果已写入 output/log/result.log
2026-09-21T08:06:40+00:00 INFO    [run=4af9b25591d14635b573d4d5c3a7a9f8 phase=speed_test event=progress.finished] 测速  11933/11933  有效 616  失败 2059
2026-09-21T08:06:40+00:00 INFO    [run=4af9b25591d14635b573d4d5c3a7a9f8 phase=output event=output.written] 结果文件生成完成：更新 3 个文件
2026-09-21T08:06:42+00:00 INFO    [run=4af9b25591d14635b573d4d5c3a7a9f8 phase=statistics event=statistics.finished] 频道统计完成：测试 2675，有效 616
2026-09-21T08:06:42+00:00 INFO    [run=4af9b25591d14635b573d4d5c3a7a9f8 phase=complete event=run.summary] 更新摘要
2026-09-21T08:06:42+00:00 INFO    [run=4af9b25591d14635b573d4d5c3a7a9f8 phase=complete event=run.finished] 更新完成！总耗时：20:25
2026-09-22T07:28:54+00:00 INFO    [event=application.started] IPTV-API 版本: 3.0.0 (构建时间: 2026-08-07 11:45:59)
2026-09-22T07:28:54+00:00 INFO    [phase=prepare event=network.ipv6.checking] 🛜 正在检查当前网络是否支持IPv6...
2026-09-22T07:28:54+00:00 WARNING [phase=prepare event=network.ipv6.unsupported] 当前网络不支持IPv6，别担心，IPv6的结果会被保存下来
2026-09-22T07:28:54+00:00 INFO    [run=43b06fe84f34442ea43fc82928ced210 phase=prepare event=run.started] 性能模式: auto → balance，可用资源: 4.0 CPU / 15.61 GB，并发: 测速 8、媒体探测 2、源抓取 8
2026-09-22T07:28:54+00:00 INFO    [run=43b06fe84f34442ea43fc82928ced210 phase=prepare event=channels.catalog_loaded] 频道目录已加载：白名单 0，黑名单 14，台标 21
2026-09-22T07:28:54+00:00 INFO    [run=43b06fe84f34442ea43fc82928ced210 phase=fetch event=sources.subscribe.summary] 订阅源数量：20，订阅白名单数量：0，停用地址数量：0，有效总数量：20
2026-09-22T07:28:54+00:00 INFO    [run=43b06fe84f34442ea43fc82928ced210 phase=fetch event=progress.started] 正在进行获取订阅源  0/20
2026-09-22T07:28:54+00:00 INFO    [run=43b06fe84f34442ea43fc82928ced210 phase=fetch event=sources.epg.summary] EPG源数量：1，EPG白名单数量：0，停用地址数量：0，有效总数量：1
2026-09-22T07:28:54+00:00 INFO    [run=43b06fe84f34442ea43fc82928ced210 phase=fetch event=progress.started] 正在进行获取EPG源  0/1
2026-09-22T07:28:55+00:00 INFO    [run=43b06fe84f34442ea43fc82928ced210 phase=fetch event=epg.source_parsed] EPG 源解析完成：http://e.erw.cc/e.xml.gz，保留节目 3996 条
2026-09-22T07:28:55+00:00 INFO    [run=43b06fe84f34442ea43fc82928ced210 phase=fetch event=progress.updated] 正在进行获取EPG源  1/1 (100%)  剩余 0
2026-09-22T07:28:55+00:00 INFO    [run=43b06fe84f34442ea43fc82928ced210 phase=fetch event=progress.updated] 正在进行获取订阅源  1/20 (5%)  剩余 19
2026-09-22T07:28:55+00:00 INFO    [run=43b06fe84f34442ea43fc82928ced210 phase=fetch event=sources.epg.finished] EPG源: ✅ 有效地址数量：1，⛔ 停用地址数量：0
2026-09-22T07:28:55+00:00 INFO    [run=43b06fe84f34442ea43fc82928ced210 phase=fetch event=progress.finished] 正在进行获取EPG源  1/1  匹配 114 个频道
2026-09-22T07:28:56+00:00 INFO    [run=43b06fe84f34442ea43fc82928ced210 phase=fetch event=progress.updated] 正在进行获取订阅源  3/20 (15%)  剩余 17
2026-09-22T07:28:56+00:00 INFO    [run=43b06fe84f34442ea43fc82928ced210 phase=fetch event=progress.updated] 正在进行获取订阅源  5/20 (25%)  剩余 15
2026-09-22T07:28:56+00:00 INFO    [run=43b06fe84f34442ea43fc82928ced210 phase=fetch event=progress.updated] 正在进行获取订阅源  7/20 (35%)  剩余 13
2026-09-22T07:28:57+00:00 INFO    [run=43b06fe84f34442ea43fc82928ced210 phase=fetch event=progress.updated] 正在进行获取订阅源  9/20 (45%)  剩余 11
2026-09-22T07:28:57+00:00 INFO    [run=43b06fe84f34442ea43fc82928ced210 phase=fetch event=progress.updated] 正在进行获取订阅源  11/20 (55%)  剩余 9
2026-09-22T07:28:58+00:00 INFO    [run=43b06fe84f34442ea43fc82928ced210 phase=fetch event=progress.updated] 正在进行获取订阅源  13/20 (65%)  剩余 7
2026-09-22T07:28:58+00:00 WARNING [run=43b06fe84f34442ea43fc82928ced210 phase=fetch event=request.retrying] 🔄 请求http://cms.supertv01.com/zhibo/iptv.txt失败，正在进行第1次重试...
2026-09-22T07:28:58+00:00 INFO    [run=43b06fe84f34442ea43fc82928ced210 phase=fetch event=progress.updated] 正在进行获取订阅源  15/20 (75%)  剩余 5
2026-09-22T07:28:59+00:00 WARNING [run=43b06fe84f34442ea43fc82928ced210 phase=fetch event=source.request_failed] 订阅源请求失败：❌ 请求http://cms.supertv01.com/zhibo/iptv.txt失败，已达到最大重试次数
2026-09-22T07:28:59+00:00 INFO    [run=43b06fe84f34442ea43fc82928ced210 phase=fetch event=progress.updated] 正在进行获取订阅源  17/20 (85%)  剩余 3
2026-09-22T07:29:00+00:00 INFO    [run=43b06fe84f34442ea43fc82928ced210 phase=fetch event=progress.updated] 正在进行获取订阅源  19/20 (95%)  剩余 1
2026-09-22T07:29:02+00:00 INFO    [run=43b06fe84f34442ea43fc82928ced210 phase=fetch event=progress.updated] 正在进行获取订阅源  20/20 (100%)  剩余 0
2026-09-22T07:29:02+00:00 INFO    [run=43b06fe84f34442ea43fc82928ced210 phase=fetch event=sources.subscribe.finished] 订阅源: ✅ 有效地址数量：20，⛔ 停用地址数量：0
2026-09-22T07:29:02+00:00 INFO    [run=43b06fe84f34442ea43fc82928ced210 phase=fetch event=progress.finished] 正在进行获取订阅源  20/20  未匹配 10000
2026-09-22T07:32:02+00:00 INFO    [run=43b06fe84f34442ea43fc82928ced210 phase=aggregate event=channels.aggregated] 频道数据聚合完成：477 个频道，27135 个接口（IPv4 24188 / IPv6 2947）
2026-09-22T07:32:02+00:00 INFO    [run=43b06fe84f34442ea43fc82928ced210 phase=speed_test event=speed_test.planned] 总接口数量: 13045, 需要进行测速的接口数量: 11261
2026-09-22T07:32:02+00:00 INFO    [run=43b06fe84f34442ea43fc82928ced210 phase=speed_test event=progress.started] 测速  0/11261
2026-09-22T07:32:02+00:00 INFO    [run=43b06fe84f34442ea43fc82928ced210 phase=speed_test event=progress.updated] 测速  1/11261 (0%)  有效 0  失败 1  CCTV-1
2026-09-22T07:32:32+00:00 INFO    [run=43b06fe84f34442ea43fc82928ced210 phase=speed_test event=progress.updated] 测速  76/11261 (0%)  有效 19  失败 57  CCTV-3
2026-09-22T07:33:04+00:00 INFO    [run=43b06fe84f34442ea43fc82928ced210 phase=speed_test event=progress.updated] 测速  141/11261 (1%)  有效 33  失败 108  CCTV-5+
2026-09-22T07:33:34+00:00 INFO    [run=43b06fe84f34442ea43fc82928ced210 phase=speed_test event=progress.updated] 测速  202/11261 (1%)  有效 33  失败 169  CCTV-5+
2026-09-22T07:34:04+00:00 INFO    [run=43b06fe84f34442ea43fc82928ced210 phase=speed_test event=progress.updated] 测速  308/11261 (2%)  有效 67  失败 241  CCTV-10
2026-09-22T07:34:34+00:00 INFO    [run=43b06fe84f34442ea43fc82928ced210 phase=speed_test event=progress.updated] 测速  395/11261 (3%)  有效 102  失败 293  CCTV-15
2026-09-22T07:35:04+00:00 INFO    [run=43b06fe84f34442ea43fc82928ced210 phase=speed_test event=progress.updated] 测速  466/11261 (4%)  有效 113  失败 353  CETV-2
2026-09-22T07:35:35+00:00 INFO    [run=43b06fe84f34442ea43fc82928ced210 phase=speed_test event=progress.updated] 测速  539/11261 (4%)  有效 119  失败 420  CETV-4
2026-09-22T07:36:05+00:00 INFO    [run=43b06fe84f34442ea43fc82928ced210 phase=speed_test event=progress.updated] 测速  611/11261 (5%)  有效 119  失败 492  CCTV4欧洲
2026-09-22T07:36:35+00:00 INFO    [run=43b06fe84f34442ea43fc82928ced210 phase=speed_test event=progress.updated] 测速  704/11261 (6%)  有效 153  失败 551  怀旧剧场
2026-09-22T07:37:05+00:00 INFO    [run=43b06fe84f34442ea43fc82928ced210 phase=speed_test event=progress.updated] 测速  788/11261 (6%)  有效 192  失败 596  CGTN法语
2026-09-22T07:37:36+00:00 INFO    [run=43b06fe84f34442ea43fc82928ced210 phase=speed_test event=progress.updated] 测速  875/11261 (7%)  有效 198  失败 677  湖北生活
2026-09-22T07:38:06+00:00 INFO    [run=43b06fe84f34442ea43fc82928ced210 phase=speed_test event=progress.updated] 测速  969/11261 (8%)  有效 217  失败 752  北京卫视
2026-09-22T07:38:37+00:00 INFO    [run=43b06fe84f34442ea43fc82928ced210 phase=speed_test event=progress.updated] 测速  1113/11261 (9%)  有效 318  失败 795  云南卫视
2026-09-22T07:39:07+00:00 INFO    [run=43b06fe84f34442ea43fc82928ced210 phase=speed_test event=progress.updated] 测速  1273/11261 (11%)  有效 404  失败 869  凤凰资讯
2026-09-22T07:39:38+00:00 INFO    [run=43b06fe84f34442ea43fc82928ced210 phase=speed_test event=progress.updated] 测速  1384/11261 (12%)  有效 422  失败 962  J2
2026-09-22T07:40:08+00:00 INFO    [run=43b06fe84f34442ea43fc82928ced210 phase=speed_test event=progress.updated] 测速  1501/11261 (13%)  有效 465  失败 1036  封神榜
2026-09-22T07:40:38+00:00 INFO    [run=43b06fe84f34442ea43fc82928ced210 phase=speed_test event=progress.updated] 测速  1571/11261 (13%)  有效 503  失败 1068  枪战轮播
2026-09-22T07:41:08+00:00 INFO    [run=43b06fe84f34442ea43fc82928ced210 phase=speed_test event=progress.updated] 测速  1633/11261 (14%)  有效 526  失败 1107  王子青蛙
2026-09-22T07:41:38+00:00 INFO    [run=43b06fe84f34442ea43fc82928ced210 phase=speed_test event=progress.updated] 测速  1698/11261 (15%)  有效 552  失败 1146  父母爱情
2026-09-22T07:42:08+00:00 INFO    [run=43b06fe84f34442ea43fc82928ced210 phase=speed_test event=progress.updated] 测速  1733/11261 (15%)  有效 557  失败 1176  枪战片系列
2026-09-22T07:42:39+00:00 INFO    [run=43b06fe84f34442ea43fc82928ced210 phase=speed_test event=progress.updated] 测速  1773/11261 (15%)  有效 559  失败 1214  怀旧剧专区
2026-09-22T07:43:09+00:00 INFO    [run=43b06fe84f34442ea43fc82928ced210 phase=speed_test event=progress.updated] 测速  1827/11261 (16%)  有效 566  失败 1261  NewTV惊悚悬疑
2026-09-22T07:43:40+00:00 INFO    [run=43b06fe84f34442ea43fc82928ced210 phase=speed_test event=progress.updated] 测速  1959/11261 (17%)  有效 581  失败 1378  睛彩广场舞
2026-09-22T07:44:10+00:00 INFO    [run=43b06fe84f34442ea43fc82928ced210 phase=speed_test event=progress.updated] 测速  2056/11261 (18%)  有效 603  失败 1453  武术世界
2026-09-22T07:44:41+00:00 INFO    [run=43b06fe84f34442ea43fc82928ced210 phase=speed_test event=progress.updated] 测速  2132/11261 (18%)  有效 607  失败 1525  快乐垂钓
2026-09-22T07:45:16+00:00 INFO    [run=43b06fe84f34442ea43fc82928ced210 phase=speed_test event=progress.updated] 测速  2193/11261 (19%)  有效 609  失败 1584  咪咕直播17
2026-09-22T07:45:46+00:00 INFO    [run=43b06fe84f34442ea43fc82928ced210 phase=speed_test event=progress.updated] 测速  2258/11261 (20%)  有效 619  失败 1639  辽宁体育
2026-09-22T07:46:16+00:00 INFO    [run=43b06fe84f34442ea43fc82928ced210 phase=speed_test event=progress.updated] 测速  2326/11261 (20%)  有效 624  失败 1702  天龙八部
2026-09-22T07:46:28+00:00 INFO    [run=43b06fe84f34442ea43fc82928ced210 phase=speed_test event=speed_test.artifacts_written] 测速明细已写入 output/log/speed_test.log，有效结果已写入 output/log/result.log
2026-09-22T07:46:28+00:00 INFO    [run=43b06fe84f34442ea43fc82928ced210 phase=speed_test event=progress.finished] 测速  11261/11261  有效 628  失败 1724
2026-09-22T07:46:29+00:00 INFO    [run=43b06fe84f34442ea43fc82928ced210 phase=output event=output.written] 结果文件生成完成：更新 3 个文件
2026-09-22T07:46:30+00:00 INFO    [run=43b06fe84f34442ea43fc82928ced210 phase=statistics event=statistics.finished] 频道统计完成：测试 2352，有效 628
2026-09-22T07:46:30+00:00 INFO    [run=43b06fe84f34442ea43fc82928ced210 phase=complete event=run.summary] 更新摘要
2026-09-22T07:46:30+00:00 INFO    [run=43b06fe84f34442ea43fc82928ced210 phase=complete event=run.finished] 更新完成！总耗时：17:36
2026-09-23T07:31:42+00:00 INFO    [event=application.started] IPTV-API 版本: 3.0.0 (构建时间: 2026-08-07 11:45:59)
2026-09-23T07:31:42+00:00 INFO    [phase=prepare event=network.ipv6.checking] 🛜 正在检查当前网络是否支持IPv6...
2026-09-23T07:31:42+00:00 WARNING [phase=prepare event=network.ipv6.unsupported] 当前网络不支持IPv6，别担心，IPv6的结果会被保存下来
2026-09-23T07:31:42+00:00 INFO    [run=3ad058abc33146258d6c53d3f4aec248 phase=prepare event=run.started] 性能模式: auto → balance，可用资源: 4.0 CPU / 15.61 GB，并发: 测速 8、媒体探测 2、源抓取 8
2026-09-23T07:31:42+00:00 INFO    [run=3ad058abc33146258d6c53d3f4aec248 phase=prepare event=channels.catalog_loaded] 频道目录已加载：白名单 0，黑名单 14，台标 21
2026-09-23T07:31:42+00:00 INFO    [run=3ad058abc33146258d6c53d3f4aec248 phase=fetch event=sources.subscribe.summary] 订阅源数量：20，订阅白名单数量：0，停用地址数量：0，有效总数量：20
2026-09-23T07:31:42+00:00 INFO    [run=3ad058abc33146258d6c53d3f4aec248 phase=fetch event=progress.started] 正在进行获取订阅源  0/20
2026-09-23T07:31:42+00:00 INFO    [run=3ad058abc33146258d6c53d3f4aec248 phase=fetch event=sources.epg.summary] EPG源数量：1，EPG白名单数量：0，停用地址数量：0，有效总数量：1
2026-09-23T07:31:42+00:00 INFO    [run=3ad058abc33146258d6c53d3f4aec248 phase=fetch event=progress.started] 正在进行获取EPG源  0/1
2026-09-23T07:31:44+00:00 INFO    [run=3ad058abc33146258d6c53d3f4aec248 phase=fetch event=progress.updated] 正在进行获取订阅源  1/20 (5%)  剩余 19
2026-09-23T07:31:44+00:00 INFO    [run=3ad058abc33146258d6c53d3f4aec248 phase=fetch event=epg.source_parsed] EPG 源解析完成：http://e.erw.cc/e.xml.gz，保留节目 3941 条
2026-09-23T07:31:44+00:00 INFO    [run=3ad058abc33146258d6c53d3f4aec248 phase=fetch event=progress.updated] 正在进行获取EPG源  1/1 (100%)  剩余 0
2026-09-23T07:31:44+00:00 INFO    [run=3ad058abc33146258d6c53d3f4aec248 phase=fetch event=progress.updated] 正在进行获取订阅源  3/20 (15%)  剩余 17
2026-09-23T07:31:44+00:00 INFO    [run=3ad058abc33146258d6c53d3f4aec248 phase=fetch event=progress.updated] 正在进行获取订阅源  5/20 (25%)  剩余 15
2026-09-23T07:31:44+00:00 INFO    [run=3ad058abc33146258d6c53d3f4aec248 phase=fetch event=progress.updated] 正在进行获取订阅源  7/20 (35%)  剩余 13
2026-09-23T07:31:44+00:00 INFO    [run=3ad058abc33146258d6c53d3f4aec248 phase=fetch event=sources.epg.finished] EPG源: ✅ 有效地址数量：1，⛔ 停用地址数量：0
2026-09-23T07:31:44+00:00 INFO    [run=3ad058abc33146258d6c53d3f4aec248 phase=fetch event=progress.finished] 正在进行获取EPG源  1/1  匹配 114 个频道
2026-09-23T07:31:45+00:00 INFO    [run=3ad058abc33146258d6c53d3f4aec248 phase=fetch event=progress.updated] 正在进行获取订阅源  9/20 (45%)  剩余 11
2026-09-23T07:31:46+00:00 INFO    [run=3ad058abc33146258d6c53d3f4aec248 phase=fetch event=progress.updated] 正在进行获取订阅源  11/20 (55%)  剩余 9
2026-09-23T07:31:46+00:00 INFO    [run=3ad058abc33146258d6c53d3f4aec248 phase=fetch event=progress.updated] 正在进行获取订阅源  13/20 (65%)  剩余 7
2026-09-23T07:31:46+00:00 WARNING [run=3ad058abc33146258d6c53d3f4aec248 phase=fetch event=request.retrying] 🔄 请求http://cms.supertv01.com/zhibo/iptv.txt失败，正在进行第1次重试...
2026-09-23T07:31:46+00:00 INFO    [run=3ad058abc33146258d6c53d3f4aec248 phase=fetch event=progress.updated] 正在进行获取订阅源  15/20 (75%)  剩余 5
2026-09-23T07:31:47+00:00 INFO    [run=3ad058abc33146258d6c53d3f4aec248 phase=fetch event=progress.updated] 正在进行获取订阅源  17/20 (85%)  剩余 3
2026-09-23T07:31:47+00:00 WARNING [run=3ad058abc33146258d6c53d3f4aec248 phase=fetch event=source.request_failed] 订阅源请求失败：❌ 请求http://cms.supertv01.com/zhibo/iptv.txt失败，已达到最大重试次数
2026-09-23T07:31:48+00:00 INFO    [run=3ad058abc33146258d6c53d3f4aec248 phase=fetch event=progress.updated] 正在进行获取订阅源  19/20 (95%)  剩余 1
2026-09-23T07:31:48+00:00 INFO    [run=3ad058abc33146258d6c53d3f4aec248 phase=fetch event=progress.updated] 正在进行获取订阅源  20/20 (100%)  剩余 0
2026-09-23T07:31:48+00:00 INFO    [run=3ad058abc33146258d6c53d3f4aec248 phase=fetch event=sources.subscribe.finished] 订阅源: ✅ 有效地址数量：20，⛔ 停用地址数量：0
2026-09-23T07:31:48+00:00 INFO    [run=3ad058abc33146258d6c53d3f4aec248 phase=fetch event=progress.finished] 正在进行获取订阅源  20/20  未匹配 10000
2026-09-23T07:33:44+00:00 INFO    [run=3ad058abc33146258d6c53d3f4aec248 phase=aggregate event=channels.aggregated] 频道数据聚合完成：477 个频道，23834 个接口（IPv4 22329 / IPv6 1505）
2026-09-23T07:33:44+00:00 INFO    [run=3ad058abc33146258d6c53d3f4aec248 phase=speed_test event=speed_test.planned] 总接口数量: 11240, 需要进行测速的接口数量: 10422
2026-09-23T07:33:44+00:00 INFO    [run=3ad058abc33146258d6c53d3f4aec248 phase=speed_test event=progress.started] 测速  0/10422
2026-09-23T07:33:44+00:00 INFO    [run=3ad058abc33146258d6c53d3f4aec248 phase=speed_test event=progress.updated] 测速  1/10422 (0%)  有效 0  失败 1  CCTV-1
2026-09-23T07:34:15+00:00 INFO    [run=3ad058abc33146258d6c53d3f4aec248 phase=speed_test event=progress.updated] 测速  76/10422 (0%)  有效 32  失败 44  CCTV-5+
2026-09-23T07:34:45+00:00 INFO    [run=3ad058abc33146258d6c53d3f4aec248 phase=speed_test event=progress.updated] 测速  139/10422 (1%)  有效 46  失败 93  CCTV-6
2026-09-23T07:35:15+00:00 INFO    [run=3ad058abc33146258d6c53d3f4aec248 phase=speed_test event=progress.updated] 测速  237/10422 (2%)  有效 115  失败 122  CCTV-17
2026-09-23T07:35:45+00:00 INFO    [run=3ad058abc33146258d6c53d3f4aec248 phase=speed_test event=progress.updated] 测速  313/10422 (3%)  有效 126  失败 187  CETV-2
2026-09-23T07:36:15+00:00 INFO    [run=3ad058abc33146258d6c53d3f4aec248 phase=speed_test event=progress.updated] 测速  377/10422 (3%)  有效 131  失败 246  CCTV4欧洲
2026-09-23T07:36:45+00:00 INFO    [run=3ad058abc33146258d6c53d3f4aec248 phase=speed_test event=progress.updated] 测速  470/10422 (4%)  有效 159  失败 311  风云剧场
2026-09-23T07:37:15+00:00 INFO    [run=3ad058abc33146258d6c53d3f4aec248 phase=speed_test event=progress.updated] 测速  528/10422 (5%)  有效 179  失败 349  高尔夫网球
2026-09-23T07:37:46+00:00 INFO    [run=3ad058abc33146258d6c53d3f4aec248 phase=speed_test event=progress.updated] 测速  600/10422 (5%)  有效 199  失败 401  世界地理
2026-09-23T07:38:16+00:00 INFO    [run=3ad058abc33146258d6c53d3f4aec248 phase=speed_test event=progress.updated] 测速  664/10422 (6%)  有效 210  失败 454  CGTN法语
2026-09-23T07:38:46+00:00 INFO    [run=3ad058abc33146258d6c53d3f4aec248 phase=speed_test event=progress.updated] 测速  770/10422 (7%)  有效 219  失败 551  武汉新闻综合
2026-09-23T07:39:16+00:00 INFO    [run=3ad058abc33146258d6c53d3f4aec248 phase=speed_test event=progress.updated] 测速  904/10422 (8%)  有效 311  失败 593  重庆卫视
2026-09-23T07:39:46+00:00 INFO    [run=3ad058abc33146258d6c53d3f4aec248 phase=speed_test event=progress.updated] 测速  1057/10422 (10%)  有效 416  失败 641  翡翠台
2026-09-23T07:40:17+00:00 INFO    [run=3ad058abc33146258d6c53d3f4aec248 phase=speed_test event=progress.updated] 测速  1178/10422 (11%)  有效 439  失败 739  三立台湾
2026-09-23T07:40:47+00:00 INFO    [run=3ad058abc33146258d6c53d3f4aec248 phase=speed_test event=progress.updated] 测速  1279/10422 (12%)  有效 463  失败 816  CHC高清电影
2026-09-23T07:41:18+00:00 INFO    [run=3ad058abc33146258d6c53d3f4aec248 phase=speed_test event=progress.updated] 测速  1364/10422 (13%)  有效 499  失败 865  金庸武侠
2026-09-23T07:41:49+00:00 INFO    [run=3ad058abc33146258d6c53d3f4aec248 phase=speed_test event=progress.updated] 测速  1437/10422 (13%)  有效 537  失败 900  金枝欲孽
2026-09-23T07:42:19+00:00 INFO    [run=3ad058abc33146258d6c53d3f4aec248 phase=speed_test event=progress.updated] 测速  1513/10422 (14%)  有效 561  失败 952  星汉灿烂
2026-09-23T07:42:51+00:00 INFO    [run=3ad058abc33146258d6c53d3f4aec248 phase=speed_test event=progress.updated] 测速  1552/10422 (14%)  有效 568  失败 984  英雄片系列
2026-09-23T07:43:21+00:00 INFO    [run=3ad058abc33146258d6c53d3f4aec248 phase=speed_test event=progress.updated] 测速  1592/10422 (15%)  有效 569  失败 1023  韩国剧专区
2026-09-23T07:43:52+00:00 INFO    [run=3ad058abc33146258d6c53d3f4aec248 phase=speed_test event=progress.updated] 测速  1660/10422 (15%)  有效 580  失败 1080  纬来电影
2026-09-23T07:44:22+00:00 INFO    [run=3ad058abc33146258d6c53d3f4aec248 phase=speed_test event=progress.updated] 测速  1778/10422 (17%)  有效 591  失败 1187  睛彩广场舞
2026-09-23T07:44:53+00:00 INFO    [run=3ad058abc33146258d6c53d3f4aec248 phase=speed_test event=progress.updated] 测速  1857/10422 (17%)  有效 613  失败 1244  武术世界
2026-09-23T07:45:23+00:00 INFO    [run=3ad058abc33146258d6c53d3f4aec248 phase=speed_test event=progress.updated] 测速  1922/10422 (18%)  有效 619  失败 1303  SPOTV
2026-09-23T07:45:53+00:00 INFO    [run=3ad058abc33146258d6c53d3f4aec248 phase=speed_test event=progress.updated] 测速  2008/10422 (19%)  有效 630  失败 1378  天津体育
2026-09-23T07:46:23+00:00 INFO    [run=3ad058abc33146258d6c53d3f4aec248 phase=speed_test event=progress.updated] 测速  2081/10422 (19%)  有效 640  失败 1441  水浒传
2026-09-23T07:46:32+00:00 INFO    [run=3ad058abc33146258d6c53d3f4aec248 phase=speed_test event=speed_test.artifacts_written] 测速明细已写入 output/log/speed_test.log，有效结果已写入 output/log/result.log
2026-09-23T07:46:32+00:00 INFO    [run=3ad058abc33146258d6c53d3f4aec248 phase=speed_test event=progress.finished] 测速  10422/10422  有效 641  失败 1458
2026-09-23T07:46:32+00:00 INFO    [run=3ad058abc33146258d6c53d3f4aec248 phase=output event=output.written] 结果文件生成完成：更新 3 个文件
2026-09-23T07:46:33+00:00 INFO    [run=3ad058abc33146258d6c53d3f4aec248 phase=statistics event=statistics.finished] 频道统计完成：测试 2099，有效 641
2026-09-23T07:46:34+00:00 INFO    [run=3ad058abc33146258d6c53d3f4aec248 phase=complete event=run.summary] 更新摘要
2026-09-23T07:46:34+00:00 INFO    [run=3ad058abc33146258d6c53d3f4aec248 phase=complete event=run.finished] 更新完成！总耗时：14:51
2026-09-24T07:24:38+00:00 INFO    [event=application.started] IPTV-API 版本: 3.0.0 (构建时间: 2026-08-07 11:45:59)
2026-09-24T07:24:39+00:00 INFO    [phase=prepare event=network.ipv6.checking] 🛜 正在检查当前网络是否支持IPv6...
2026-09-24T07:24:39+00:00 WARNING [phase=prepare event=network.ipv6.unsupported] 当前网络不支持IPv6，别担心，IPv6的结果会被保存下来
2026-09-24T07:24:39+00:00 INFO    [run=bb0610ed04ee498fa8e03f3a567825b5 phase=prepare event=run.started] 性能模式: auto → balance，可用资源: 4.0 CPU / 15.61 GB，并发: 测速 8、媒体探测 2、源抓取 8
2026-09-24T07:24:39+00:00 INFO    [run=bb0610ed04ee498fa8e03f3a567825b5 phase=prepare event=channels.catalog_loaded] 频道目录已加载：白名单 0，黑名单 14，台标 21
2026-09-24T07:24:39+00:00 INFO    [run=bb0610ed04ee498fa8e03f3a567825b5 phase=fetch event=sources.subscribe.summary] 订阅源数量：20，订阅白名单数量：0，停用地址数量：0，有效总数量：20
2026-09-24T07:24:39+00:00 INFO    [run=bb0610ed04ee498fa8e03f3a567825b5 phase=fetch event=progress.started] 正在进行获取订阅源  0/20
2026-09-24T07:24:39+00:00 INFO    [run=bb0610ed04ee498fa8e03f3a567825b5 phase=fetch event=sources.epg.summary] EPG源数量：1，EPG白名单数量：0，停用地址数量：0，有效总数量：1
2026-09-24T07:24:39+00:00 INFO    [run=bb0610ed04ee498fa8e03f3a567825b5 phase=fetch event=progress.started] 正在进行获取EPG源  0/1
2026-09-24T07:24:40+00:00 INFO    [run=bb0610ed04ee498fa8e03f3a567825b5 phase=fetch event=progress.updated] 正在进行获取订阅源  1/20 (5%)  剩余 19
2026-09-24T07:24:40+00:00 INFO    [run=bb0610ed04ee498fa8e03f3a567825b5 phase=fetch event=progress.updated] 正在进行获取订阅源  3/20 (15%)  剩余 17
2026-09-24T07:24:40+00:00 INFO    [run=bb0610ed04ee498fa8e03f3a567825b5 phase=fetch event=progress.updated] 正在进行获取订阅源  5/20 (25%)  剩余 15
2026-09-24T07:24:40+00:00 INFO    [run=bb0610ed04ee498fa8e03f3a567825b5 phase=fetch event=epg.source_parsed] EPG 源解析完成：http://e.erw.cc/e.xml.gz，保留节目 3987 条
2026-09-24T07:24:40+00:00 INFO    [run=bb0610ed04ee498fa8e03f3a567825b5 phase=fetch event=progress.updated] 正在进行获取EPG源  1/1 (100%)  剩余 0
2026-09-24T07:24:40+00:00 INFO    [run=bb0610ed04ee498fa8e03f3a567825b5 phase=fetch event=sources.epg.finished] EPG源: ✅ 有效地址数量：1，⛔ 停用地址数量：0
2026-09-24T07:24:40+00:00 INFO    [run=bb0610ed04ee498fa8e03f3a567825b5 phase=fetch event=progress.finished] 正在进行获取EPG源  1/1  匹配 114 个频道
2026-09-24T07:24:41+00:00 INFO    [run=bb0610ed04ee498fa8e03f3a567825b5 phase=fetch event=progress.updated] 正在进行获取订阅源  7/20 (35%)  剩余 13
2026-09-24T07:24:41+00:00 INFO    [run=bb0610ed04ee498fa8e03f3a567825b5 phase=fetch event=progress.updated] 正在进行获取订阅源  9/20 (45%)  剩余 11
2026-09-24T07:24:42+00:00 INFO    [run=bb0610ed04ee498fa8e03f3a567825b5 phase=fetch event=progress.updated] 正在进行获取订阅源  11/20 (55%)  剩余 9
2026-09-24T07:24:42+00:00 INFO    [run=bb0610ed04ee498fa8e03f3a567825b5 phase=fetch event=progress.updated] 正在进行获取订阅源  13/20 (65%)  剩余 7
2026-09-24T07:24:42+00:00 WARNING [run=bb0610ed04ee498fa8e03f3a567825b5 phase=fetch event=request.retrying] 🔄 请求http://cms.supertv01.com/zhibo/iptv.txt失败，正在进行第1次重试...
2026-09-24T07:24:43+00:00 INFO    [run=bb0610ed04ee498fa8e03f3a567825b5 phase=fetch event=progress.updated] 正在进行获取订阅源  15/20 (75%)  剩余 5
2026-09-24T07:24:43+00:00 WARNING [run=bb0610ed04ee498fa8e03f3a567825b5 phase=fetch event=source.request_failed] 订阅源请求失败：❌ 请求http://cms.supertv01.com/zhibo/iptv.txt失败，已达到最大重试次数
2026-09-24T07:24:43+00:00 INFO    [run=bb0610ed04ee498fa8e03f3a567825b5 phase=fetch event=progress.updated] 正在进行获取订阅源  17/20 (85%)  剩余 3
2026-09-24T07:24:44+00:00 INFO    [run=bb0610ed04ee498fa8e03f3a567825b5 phase=fetch event=progress.updated] 正在进行获取订阅源  19/20 (95%)  剩余 1
2026-09-24T07:24:44+00:00 INFO    [run=bb0610ed04ee498fa8e03f3a567825b5 phase=fetch event=progress.updated] 正在进行获取订阅源  20/20 (100%)  剩余 0
2026-09-24T07:24:44+00:00 INFO    [run=bb0610ed04ee498fa8e03f3a567825b5 phase=fetch event=sources.subscribe.finished] 订阅源: ✅ 有效地址数量：20，⛔ 停用地址数量：0
2026-09-24T07:24:44+00:00 INFO    [run=bb0610ed04ee498fa8e03f3a567825b5 phase=fetch event=progress.finished] 正在进行获取订阅源  20/20  未匹配 10000
2026-09-24T07:27:12+00:00 INFO    [run=bb0610ed04ee498fa8e03f3a567825b5 phase=aggregate event=channels.aggregated] 频道数据聚合完成：477 个频道，25886 个接口（IPv4 23048 / IPv6 2838）
2026-09-24T07:27:12+00:00 INFO    [run=bb0610ed04ee498fa8e03f3a567825b5 phase=speed_test event=speed_test.planned] 总接口数量: 12439, 需要进行测速的接口数量: 10746
2026-09-24T07:27:12+00:00 INFO    [run=bb0610ed04ee498fa8e03f3a567825b5 phase=speed_test event=progress.started] 测速  0/10746
2026-09-24T07:27:14+00:00 INFO    [run=bb0610ed04ee498fa8e03f3a567825b5 phase=speed_test event=progress.updated] 测速  1/10746 (0%)  有效 1  失败 0  CCTV-1
2026-09-24T07:27:44+00:00 INFO    [run=bb0610ed04ee498fa8e03f3a567825b5 phase=speed_test event=progress.updated] 测速  83/10746 (0%)  有效 30  失败 53  CCTV-5+
2026-09-24T07:28:14+00:00 INFO    [run=bb0610ed04ee498fa8e03f3a567825b5 phase=speed_test event=progress.updated] 测速  136/10746 (1%)  有效 30  失败 106  CCTV-5+
2026-09-24T07:28:44+00:00 INFO    [run=bb0610ed04ee498fa8e03f3a567825b5 phase=speed_test event=progress.updated] 测速  195/10746 (1%)  有效 30  失败 165  CCTV-5+
2026-09-24T07:29:15+00:00 INFO    [run=bb0610ed04ee498fa8e03f3a567825b5 phase=speed_test event=progress.updated] 测速  282/10746 (2%)  有效 62  失败 220  CCTV-11
2026-09-24T07:29:45+00:00 INFO    [run=bb0610ed04ee498fa8e03f3a567825b5 phase=speed_test event=progress.updated] 测速  373/10746 (3%)  有效 103  失败 270  CETV-1
2026-09-24T07:30:16+00:00 INFO    [run=bb0610ed04ee498fa8e03f3a567825b5 phase=speed_test event=progress.updated] 测速  436/10746 (4%)  有效 105  失败 331  CETV-2
2026-09-24T07:30:46+00:00 INFO    [run=bb0610ed04ee498fa8e03f3a567825b5 phase=speed_test event=progress.updated] 测速  514/10746 (4%)  有效 112  失败 402  CETV-4
2026-09-24T07:31:17+00:00 INFO    [run=bb0610ed04ee498fa8e03f3a567825b5 phase=speed_test event=progress.updated] 测速  584/10746 (5%)  有效 113  失败 471  CCTV4欧洲
2026-09-24T07:31:47+00:00 INFO    [run=bb0610ed04ee498fa8e03f3a567825b5 phase=speed_test event=progress.updated] 测速  667/10746 (6%)  有效 123  失败 544  央视台球
2026-09-24T07:32:18+00:00 INFO    [run=bb0610ed04ee498fa8e03f3a567825b5 phase=speed_test event=progress.updated] 测速  747/10746 (6%)  有效 164  失败 583  高尔夫网球
2026-09-24T07:32:48+00:00 INFO    [run=bb0610ed04ee498fa8e03f3a567825b5 phase=speed_test event=progress.updated] 测速  824/10746 (7%)  有效 189  失败 635  CGTN法语
2026-09-24T07:33:18+00:00 INFO    [run=bb0610ed04ee498fa8e03f3a567825b5 phase=speed_test event=progress.updated] 测速  903/10746 (8%)  有效 196  失败 707  湖北综合
2026-09-24T07:33:48+00:00 INFO    [run=bb0610ed04ee498fa8e03f3a567825b5 phase=speed_test event=progress.updated] 测速  994/10746 (9%)  有效 205  失败 789  浙江卫视
2026-09-24T07:34:18+00:00 INFO    [run=bb0610ed04ee498fa8e03f3a567825b5 phase=speed_test event=progress.updated] 测速  1138/10746 (10%)  有效 304  失败 834  湖北卫视
2026-09-24T07:34:49+00:00 INFO    [run=bb0610ed04ee498fa8e03f3a567825b5 phase=speed_test event=progress.updated] 测速  1276/10746 (11%)  有效 391  失败 885  内蒙古卫视
2026-09-24T07:35:20+00:00 INFO    [run=bb0610ed04ee498fa8e03f3a567825b5 phase=speed_test event=progress.updated] 测速  1360/10746 (12%)  有效 401  失败 959  凤凰资讯
2026-09-24T07:35:50+00:00 INFO    [run=bb0610ed04ee498fa8e03f3a567825b5 phase=speed_test event=progress.updated] 测速  1447/10746 (13%)  有效 413  失败 1034  纬来育乐
2026-09-24T07:36:20+00:00 INFO    [run=bb0610ed04ee498fa8e03f3a567825b5 phase=speed_test event=progress.updated] 测速  1550/10746 (14%)  有效 442  失败 1108  周润发
2026-09-24T07:36:50+00:00 INFO    [run=bb0610ed04ee498fa8e03f3a567825b5 phase=speed_test event=progress.updated] 测速  1634/10746 (15%)  有效 474  失败 1160  周星星
2026-09-24T07:37:20+00:00 INFO    [run=bb0610ed04ee498fa8e03f3a567825b5 phase=speed_test event=progress.updated] 测速  1696/10746 (15%)  有效 507  失败 1189  金枝欲孽
2026-09-24T07:37:51+00:00 INFO    [run=bb0610ed04ee498fa8e03f3a567825b5 phase=speed_test event=progress.updated] 测速  1764/10746 (16%)  有效 520  失败 1244  全职高手
2026-09-24T07:38:21+00:00 INFO    [run=bb0610ed04ee498fa8e03f3a567825b5 phase=speed_test event=progress.updated] 测速  1813/10746 (16%)  有效 532  失败 1281  冒险片系列
2026-09-24T07:38:51+00:00 INFO    [run=bb0610ed04ee498fa8e03f3a567825b5 phase=speed_test event=progress.updated] 测速  1854/10746 (17%)  有效 532  失败 1322  抗战剧专区
2026-09-24T07:39:22+00:00 INFO    [run=bb0610ed04ee498fa8e03f3a567825b5 phase=speed_test event=progress.updated] 测速  1903/10746 (17%)  有效 537  失败 1366  穿越剧专区
2026-09-24T07:39:52+00:00 INFO    [run=bb0610ed04ee498fa8e03f3a567825b5 phase=speed_test event=progress.updated] 测速  2031/10746 (18%)  有效 546  失败 1485  睛彩篮球
2026-09-24T07:40:24+00:00 INFO    [run=bb0610ed04ee498fa8e03f3a567825b5 phase=speed_test event=progress.updated] 测速  2125/10746 (19%)  有效 568  失败 1557  山东体育
2026-09-24T07:40:54+00:00 INFO    [run=bb0610ed04ee498fa8e03f3a567825b5 phase=speed_test event=progress.updated] 测速  2225/10746 (20%)  有效 576  失败 1649  咪咕直播27
2026-09-24T07:41:25+00:00 INFO    [run=bb0610ed04ee498fa8e03f3a567825b5 phase=speed_test event=progress.updated] 测速  2281/10746 (21%)  有效 586  失败 1695  睛彩羽毛球
2026-09-24T07:41:50+00:00 INFO    [run=bb0610ed04ee498fa8e03f3a567825b5 phase=speed_test event=speed_test.artifacts_written] 测速明细已写入 output/log/speed_test.log，有效结果已写入 output/log/result.log
2026-09-24T07:41:50+00:00 INFO    [run=bb0610ed04ee498fa8e03f3a567825b5 phase=speed_test event=progress.finished] 测速  10746/10746  有效 597  失败 1750
2026-09-24T07:41:51+00:00 INFO    [run=bb0610ed04ee498fa8e03f3a567825b5 phase=output event=output.written] 结果文件生成完成：更新 3 个文件
2026-09-24T07:41:52+00:00 INFO    [run=bb0610ed04ee498fa8e03f3a567825b5 phase=statistics event=statistics.finished] 频道统计完成：测试 2347，有效 597
2026-09-24T07:41:52+00:00 INFO    [run=bb0610ed04ee498fa8e03f3a567825b5 phase=complete event=run.summary] 更新摘要
2026-09-24T07:41:52+00:00 INFO    [run=bb0610ed04ee498fa8e03f3a567825b5 phase=complete event=run.finished] 更新完成！总耗时：17:13
2026-09-25T07:19:25+00:00 INFO    [event=application.started] IPTV-API 版本: 3.0.0 (构建时间: 2026-08-07 11:45:59)
2026-09-25T07:19:25+00:00 INFO    [phase=prepare event=network.ipv6.checking] 🛜 正在检查当前网络是否支持IPv6...
2026-09-25T07:19:25+00:00 WARNING [phase=prepare event=network.ipv6.unsupported] 当前网络不支持IPv6，别担心，IPv6的结果会被保存下来
2026-09-25T07:19:25+00:00 INFO    [run=f16829b73772402b84726cfa3dc81838 phase=prepare event=run.started] 性能模式: auto → balance，可用资源: 4.0 CPU / 15.61 GB，并发: 测速 8、媒体探测 2、源抓取 8
2026-09-25T07:19:25+00:00 INFO    [run=f16829b73772402b84726cfa3dc81838 phase=prepare event=channels.catalog_loaded] 频道目录已加载：白名单 0，黑名单 14，台标 21
2026-09-25T07:19:25+00:00 INFO    [run=f16829b73772402b84726cfa3dc81838 phase=fetch event=sources.subscribe.summary] 订阅源数量：20，订阅白名单数量：0，停用地址数量：0，有效总数量：20
2026-09-25T07:19:25+00:00 INFO    [run=f16829b73772402b84726cfa3dc81838 phase=fetch event=progress.started] 正在进行获取订阅源  0/20
2026-09-25T07:19:25+00:00 INFO    [run=f16829b73772402b84726cfa3dc81838 phase=fetch event=sources.epg.summary] EPG源数量：1，EPG白名单数量：0，停用地址数量：0，有效总数量：1
2026-09-25T07:19:25+00:00 INFO    [run=f16829b73772402b84726cfa3dc81838 phase=fetch event=progress.started] 正在进行获取EPG源  0/1
2026-09-25T07:19:27+00:00 INFO    [run=f16829b73772402b84726cfa3dc81838 phase=fetch event=progress.updated] 正在进行获取订阅源  1/20 (5%)  剩余 19
2026-09-25T07:19:27+00:00 INFO    [run=f16829b73772402b84726cfa3dc81838 phase=fetch event=epg.source_parsed] EPG 源解析完成：http://e.erw.cc/e.xml.gz，保留节目 3758 条
2026-09-25T07:19:27+00:00 INFO    [run=f16829b73772402b84726cfa3dc81838 phase=fetch event=progress.updated] 正在进行获取EPG源  1/1 (100%)  剩余 0
2026-09-25T07:19:27+00:00 INFO    [run=f16829b73772402b84726cfa3dc81838 phase=fetch event=progress.updated] 正在进行获取订阅源  3/20 (15%)  剩余 17
2026-09-25T07:19:27+00:00 INFO    [run=f16829b73772402b84726cfa3dc81838 phase=fetch event=sources.epg.finished] EPG源: ✅ 有效地址数量：1，⛔ 停用地址数量：0
2026-09-25T07:19:27+00:00 INFO    [run=f16829b73772402b84726cfa3dc81838 phase=fetch event=progress.finished] 正在进行获取EPG源  1/1  匹配 108 个频道
2026-09-25T07:19:27+00:00 INFO    [run=f16829b73772402b84726cfa3dc81838 phase=fetch event=progress.updated] 正在进行获取订阅源  5/20 (25%)  剩余 15
2026-09-25T07:19:27+00:00 INFO    [run=f16829b73772402b84726cfa3dc81838 phase=fetch event=progress.updated] 正在进行获取订阅源  7/20 (35%)  剩余 13
2026-09-25T07:19:28+00:00 INFO    [run=f16829b73772402b84726cfa3dc81838 phase=fetch event=progress.updated] 正在进行获取订阅源  9/20 (45%)  剩余 11
2026-09-25T07:19:28+00:00 INFO    [run=f16829b73772402b84726cfa3dc81838 phase=fetch event=progress.updated] 正在进行获取订阅源  11/20 (55%)  剩余 9
2026-09-25T07:19:29+00:00 INFO    [run=f16829b73772402b84726cfa3dc81838 phase=fetch event=progress.updated] 正在进行获取订阅源  13/20 (65%)  剩余 7
2026-09-25T07:19:29+00:00 WARNING [run=f16829b73772402b84726cfa3dc81838 phase=fetch event=request.retrying] 🔄 请求http://cms.supertv01.com/zhibo/iptv.txt失败，正在进行第1次重试...
2026-09-25T07:19:29+00:00 INFO    [run=f16829b73772402b84726cfa3dc81838 phase=fetch event=progress.updated] 正在进行获取订阅源  15/20 (75%)  剩余 5
2026-09-25T07:19:30+00:00 WARNING [run=f16829b73772402b84726cfa3dc81838 phase=fetch event=source.request_failed] 订阅源请求失败：❌ 请求http://cms.supertv01.com/zhibo/iptv.txt失败，已达到最大重试次数
2026-09-25T07:19:30+00:00 INFO    [run=f16829b73772402b84726cfa3dc81838 phase=fetch event=progress.updated] 正在进行获取订阅源  17/20 (85%)  剩余 3
2026-09-25T07:19:31+00:00 INFO    [run=f16829b73772402b84726cfa3dc81838 phase=fetch event=progress.updated] 正在进行获取订阅源  19/20 (95%)  剩余 1
2026-09-25T07:19:32+00:00 INFO    [run=f16829b73772402b84726cfa3dc81838 phase=fetch event=progress.updated] 正在进行获取订阅源  20/20 (100%)  剩余 0
2026-09-25T07:19:32+00:00 INFO    [run=f16829b73772402b84726cfa3dc81838 phase=fetch event=sources.subscribe.finished] 订阅源: ✅ 有效地址数量：20，⛔ 停用地址数量：0
2026-09-25T07:19:32+00:00 INFO    [run=f16829b73772402b84726cfa3dc81838 phase=fetch event=progress.finished] 正在进行获取订阅源  20/20  未匹配 10000
2026-09-25T07:21:35+00:00 INFO    [run=f16829b73772402b84726cfa3dc81838 phase=aggregate event=channels.aggregated] 频道数据聚合完成：477 个频道，23649 个接口（IPv4 22136 / IPv6 1513）
2026-09-25T07:21:35+00:00 INFO    [run=f16829b73772402b84726cfa3dc81838 phase=speed_test event=speed_test.planned] 总接口数量: 11101, 需要进行测速的接口数量: 10255
2026-09-25T07:21:35+00:00 INFO    [run=f16829b73772402b84726cfa3dc81838 phase=speed_test event=progress.started] 测速  0/10255
2026-09-25T07:21:36+00:00 INFO    [run=f16829b73772402b84726cfa3dc81838 phase=speed_test event=progress.updated] 测速  1/10255 (0%)  有效 0  失败 1  CCTV-1
2026-09-25T07:22:06+00:00 INFO    [run=f16829b73772402b84726cfa3dc81838 phase=speed_test event=progress.updated] 测速  75/10255 (0%)  有效 25  失败 50  CCTV-4
2026-09-25T07:22:37+00:00 INFO    [run=f16829b73772402b84726cfa3dc81838 phase=speed_test event=progress.updated] 测速  133/10255 (1%)  有效 33  失败 100  CCTV-5+
2026-09-25T07:23:07+00:00 INFO    [run=f16829b73772402b84726cfa3dc81838 phase=speed_test event=progress.updated] 测速  194/10255 (1%)  有效 33  失败 161  CCTV-5+
2026-09-25T07:23:37+00:00 INFO    [run=f16829b73772402b84726cfa3dc81838 phase=speed_test event=progress.updated] 测速  258/10255 (2%)  有效 36  失败 222  CCTV-6
2026-09-25T07:24:08+00:00 INFO    [run=f16829b73772402b84726cfa3dc81838 phase=speed_test event=progress.updated] 测速  336/10255 (3%)  有效 59  失败 277  CCTV-10
2026-09-25T07:24:38+00:00 INFO    [run=f16829b73772402b84726cfa3dc81838 phase=speed_test event=progress.updated] 测速  394/10255 (3%)  有效 73  失败 321  CCTV-12
2026-09-25T07:25:08+00:00 INFO    [run=f16829b73772402b84726cfa3dc81838 phase=speed_test event=progress.updated] 测速  474/10255 (4%)  有效 112  失败 362  CETV-1
2026-09-25T07:25:38+00:00 INFO    [run=f16829b73772402b84726cfa3dc81838 phase=speed_test event=progress.updated] 测速  542/10255 (5%)  有效 119  失败 423  CETV-3
2026-09-25T07:26:08+00:00 INFO    [run=f16829b73772402b84726cfa3dc81838 phase=speed_test event=progress.updated] 测速  610/10255 (5%)  有效 123  失败 487  CETV-4
2026-09-25T07:26:38+00:00 INFO    [run=f16829b73772402b84726cfa3dc81838 phase=speed_test event=progress.updated] 测速  677/10255 (6%)  有效 125  失败 552  文化精品
2026-09-25T07:27:08+00:00 INFO    [run=f16829b73772402b84726cfa3dc81838 phase=speed_test event=progress.updated] 测速  763/10255 (7%)  有效 164  失败 599  高尔夫网球
2026-09-25T07:27:38+00:00 INFO    [run=f16829b73772402b84726cfa3dc81838 phase=speed_test event=progress.updated] 测速  822/10255 (8%)  有效 177  失败 645  世界地理
2026-09-25T07:28:09+00:00 INFO    [run=f16829b73772402b84726cfa3dc81838 phase=speed_test event=progress.updated] 测速  892/10255 (8%)  有效 185  失败 707  兵器科技
2026-09-25T07:28:39+00:00 INFO    [run=f16829b73772402b84726cfa3dc81838 phase=speed_test event=progress.updated] 测速  957/10255 (9%)  有效 189  失败 768  CGTN法语
2026-09-25T07:29:09+00:00 INFO    [run=f16829b73772402b84726cfa3dc81838 phase=speed_test event=progress.updated] 测速  1069/10255 (10%)  有效 204  失败 865  浙江卫视
2026-09-25T07:29:39+00:00 INFO    [run=f16829b73772402b84726cfa3dc81838 phase=speed_test event=progress.updated] 测速  1210/10255 (11%)  有效 296  失败 914  贵州卫视
2026-09-25T07:30:09+00:00 INFO    [run=f16829b73772402b84726cfa3dc81838 phase=speed_test event=progress.updated] 测速  1271/10255 (12%)  有效 299  失败 972  湖北卫视
2026-09-25T07:30:39+00:00 INFO    [run=f16829b73772402b84726cfa3dc81838 phase=speed_test event=progress.updated] 测速  1328/10255 (12%)  有效 299  失败 1029  湖北卫视
2026-09-25T07:31:09+00:00 INFO    [run=f16829b73772402b84726cfa3dc81838 phase=speed_test event=progress.updated] 测速  1461/10255 (14%)  有效 383  失败 1078  三沙卫视
2026-09-25T07:31:39+00:00 INFO    [run=f16829b73772402b84726cfa3dc81838 phase=speed_test event=progress.updated] 测速  1542/10255 (15%)  有效 392  失败 1150  凤凰中文
2026-09-25T07:32:09+00:00 INFO    [run=f16829b73772402b84726cfa3dc81838 phase=speed_test event=progress.updated] 测速  1610/10255 (15%)  有效 397  失败 1213  凤凰香港
2026-09-25T07:32:40+00:00 INFO    [run=f16829b73772402b84726cfa3dc81838 phase=speed_test event=progress.updated] 测速  1701/10255 (16%)  有效 411  失败 1290  东森综合
2026-09-25T07:33:11+00:00 INFO    [run=f16829b73772402b84726cfa3dc81838 phase=speed_test event=progress.updated] 测速  1785/10255 (17%)  有效 431  失败 1354  黄渤
2026-09-25T07:33:41+00:00 INFO    [run=f16829b73772402b84726cfa3dc81838 phase=speed_test event=progress.updated] 测速  1866/10255 (18%)  有效 449  失败 1417  埋堆堆2
2026-09-25T07:34:12+00:00 INFO    [run=f16829b73772402b84726cfa3dc81838 phase=speed_test event=progress.updated] 测速  1930/10255 (18%)  有效 480  失败 1450  法证先锋
2026-09-25T07:34:42+00:00 INFO    [run=f16829b73772402b84726cfa3dc81838 phase=speed_test event=progress.updated] 测速  2004/10255 (19%)  有效 506  失败 1498  全职高手
2026-09-25T07:35:13+00:00 INFO    [run=f16829b73772402b84726cfa3dc81838 phase=speed_test event=progress.updated] 测速  2070/10255 (20%)  有效 521  失败 1549  爱情剧专区
2026-09-25T07:35:43+00:00 INFO    [run=f16829b73772402b84726cfa3dc81838 phase=speed_test event=progress.updated] 测速  2197/10255 (21%)  有效 539  失败 1658  睛彩篮球
2026-09-25T07:36:13+00:00 INFO    [run=f16829b73772402b84726cfa3dc81838 phase=speed_test event=progress.updated] 测速  2279/10255 (22%)  有效 552  失败 1727  五星体育
2026-09-25T07:36:43+00:00 INFO    [run=f16829b73772402b84726cfa3dc81838 phase=speed_test event=progress.updated] 测速  2349/10255 (22%)  有效 559  失败 1790  武术世界
2026-09-25T07:37:13+00:00 INFO    [run=f16829b73772402b84726cfa3dc81838 phase=speed_test event=progress.updated] 测速  2416/10255 (23%)  有效 559  失败 1857  咪咕直播4
2026-09-25T07:37:43+00:00 INFO    [run=f16829b73772402b84726cfa3dc81838 phase=speed_test event=progress.updated] 测速  2500/10255 (24%)  有效 571  失败 1929  魅力足球
2026-09-25T07:38:09+00:00 INFO    [run=f16829b73772402b84726cfa3dc81838 phase=speed_test event=speed_test.artifacts_written] 测速明细已写入 output/log/speed_test.log，有效结果已写入 output/log/result.log
2026-09-25T07:38:09+00:00 INFO    [run=f16829b73772402b84726cfa3dc81838 phase=speed_test event=progress.finished] 测速  10255/10255  有效 580  失败 1983
2026-09-25T07:38:09+00:00 INFO    [run=f16829b73772402b84726cfa3dc81838 phase=output event=output.written] 结果文件生成完成：更新 3 个文件
2026-09-25T07:38:11+00:00 INFO    [run=f16829b73772402b84726cfa3dc81838 phase=statistics event=statistics.finished] 频道统计完成：测试 2563，有效 580
2026-09-25T07:38:11+00:00 INFO    [run=f16829b73772402b84726cfa3dc81838 phase=complete event=run.summary] 更新摘要
2026-09-25T07:38:11+00:00 INFO    [run=f16829b73772402b84726cfa3dc81838 phase=complete event=run.finished] 更新完成！总耗时：18:45
2026-09-26T07:15:24+00:00 INFO    [event=application.started] IPTV-API 版本: 3.0.0 (构建时间: 2026-08-07 11:45:59)
2026-09-26T07:15:24+00:00 INFO    [phase=prepare event=network.ipv6.checking] 🛜 正在检查当前网络是否支持IPv6...
2026-09-26T07:15:25+00:00 WARNING [phase=prepare event=network.ipv6.unsupported] 当前网络不支持IPv6，别担心，IPv6的结果会被保存下来
2026-09-26T07:15:25+00:00 INFO    [run=8515b328e9e94b458725e80b665d7522 phase=prepare event=run.started] 性能模式: auto → balance，可用资源: 4.0 CPU / 15.61 GB，并发: 测速 8、媒体探测 2、源抓取 8
2026-09-26T07:15:25+00:00 INFO    [run=8515b328e9e94b458725e80b665d7522 phase=prepare event=channels.catalog_loaded] 频道目录已加载：白名单 0，黑名单 14，台标 21
2026-09-26T07:15:25+00:00 INFO    [run=8515b328e9e94b458725e80b665d7522 phase=fetch event=sources.subscribe.summary] 订阅源数量：20，订阅白名单数量：0，停用地址数量：0，有效总数量：20
2026-09-26T07:15:25+00:00 INFO    [run=8515b328e9e94b458725e80b665d7522 phase=fetch event=progress.started] 正在进行获取订阅源  0/20
2026-09-26T07:15:25+00:00 INFO    [run=8515b328e9e94b458725e80b665d7522 phase=fetch event=sources.epg.summary] EPG源数量：1，EPG白名单数量：0，停用地址数量：0，有效总数量：1
2026-09-26T07:15:25+00:00 INFO    [run=8515b328e9e94b458725e80b665d7522 phase=fetch event=progress.started] 正在进行获取EPG源  0/1
2026-09-26T07:15:26+00:00 INFO    [run=8515b328e9e94b458725e80b665d7522 phase=fetch event=epg.source_parsed] EPG 源解析完成：http://e.erw.cc/e.xml.gz，保留节目 3914 条
2026-09-26T07:15:26+00:00 INFO    [run=8515b328e9e94b458725e80b665d7522 phase=fetch event=progress.updated] 正在进行获取EPG源  1/1 (100%)  剩余 0
2026-09-26T07:15:26+00:00 INFO    [run=8515b328e9e94b458725e80b665d7522 phase=fetch event=sources.epg.finished] EPG源: ✅ 有效地址数量：1，⛔ 停用地址数量：0
2026-09-26T07:15:26+00:00 INFO    [run=8515b328e9e94b458725e80b665d7522 phase=fetch event=progress.finished] 正在进行获取EPG源  1/1  匹配 114 个频道
2026-09-26T07:15:26+00:00 INFO    [run=8515b328e9e94b458725e80b665d7522 phase=fetch event=progress.updated] 正在进行获取订阅源  1/20 (5%)  剩余 19
2026-09-26T07:15:26+00:00 INFO    [run=8515b328e9e94b458725e80b665d7522 phase=fetch event=progress.updated] 正在进行获取订阅源  3/20 (15%)  剩余 17
2026-09-26T07:15:26+00:00 INFO    [run=8515b328e9e94b458725e80b665d7522 phase=fetch event=progress.updated] 正在进行获取订阅源  5/20 (25%)  剩余 15
2026-09-26T07:15:26+00:00 INFO    [run=8515b328e9e94b458725e80b665d7522 phase=fetch event=progress.updated] 正在进行获取订阅源  7/20 (35%)  剩余 13
2026-09-26T07:15:27+00:00 INFO    [run=8515b328e9e94b458725e80b665d7522 phase=fetch event=progress.updated] 正在进行获取订阅源  9/20 (45%)  剩余 11
2026-09-26T07:15:27+00:00 INFO    [run=8515b328e9e94b458725e80b665d7522 phase=fetch event=progress.updated] 正在进行获取订阅源  11/20 (55%)  剩余 9
2026-09-26T07:15:28+00:00 INFO    [run=8515b328e9e94b458725e80b665d7522 phase=fetch event=progress.updated] 正在进行获取订阅源  13/20 (65%)  剩余 7
2026-09-26T07:15:28+00:00 WARNING [run=8515b328e9e94b458725e80b665d7522 phase=fetch event=request.retrying] 🔄 请求http://cms.supertv01.com/zhibo/iptv.txt失败，正在进行第1次重试...
2026-09-26T07:15:28+00:00 INFO    [run=8515b328e9e94b458725e80b665d7522 phase=fetch event=progress.updated] 正在进行获取订阅源  15/20 (75%)  剩余 5
2026-09-26T07:15:29+00:00 INFO    [run=8515b328e9e94b458725e80b665d7522 phase=fetch event=progress.updated] 正在进行获取订阅源  17/20 (85%)  剩余 3
2026-09-26T07:15:29+00:00 WARNING [run=8515b328e9e94b458725e80b665d7522 phase=fetch event=source.request_failed] 订阅源请求失败：❌ 请求http://cms.supertv01.com/zhibo/iptv.txt失败，已达到最大重试次数
2026-09-26T07:15:29+00:00 INFO    [run=8515b328e9e94b458725e80b665d7522 phase=fetch event=progress.updated] 正在进行获取订阅源  19/20 (95%)  剩余 1
2026-09-26T07:15:30+00:00 INFO    [run=8515b328e9e94b458725e80b665d7522 phase=fetch event=progress.updated] 正在进行获取订阅源  20/20 (100%)  剩余 0
2026-09-26T07:15:30+00:00 INFO    [run=8515b328e9e94b458725e80b665d7522 phase=fetch event=sources.subscribe.finished] 订阅源: ✅ 有效地址数量：20，⛔ 停用地址数量：0
2026-09-26T07:15:30+00:00 INFO    [run=8515b328e9e94b458725e80b665d7522 phase=fetch event=progress.finished] 正在进行获取订阅源  20/20  未匹配 10000
2026-09-26T07:17:39+00:00 INFO    [run=8515b328e9e94b458725e80b665d7522 phase=aggregate event=channels.aggregated] 频道数据聚合完成：477 个频道，25716 个接口（IPv4 22768 / IPv6 2948）
2026-09-26T07:17:39+00:00 INFO    [run=8515b328e9e94b458725e80b665d7522 phase=speed_test event=speed_test.planned] 总接口数量: 12310, 需要进行测速的接口数量: 10560
2026-09-26T07:17:39+00:00 INFO    [run=8515b328e9e94b458725e80b665d7522 phase=speed_test event=progress.started] 测速  0/10560
2026-09-26T07:17:39+00:00 INFO    [run=8515b328e9e94b458725e80b665d7522 phase=speed_test event=progress.updated] 测速  1/10560 (0%)  有效 0  失败 1  CCTV-1
2026-09-26T07:18:10+00:00 INFO    [run=8515b328e9e94b458725e80b665d7522 phase=speed_test event=progress.updated] 测速  95/10560 (0%)  有效 34  失败 61  CCTV-5+
2026-09-26T07:18:40+00:00 INFO    [run=8515b328e9e94b458725e80b665d7522 phase=speed_test event=progress.updated] 测速  148/10560 (1%)  有效 34  失败 114  CCTV-5+
2026-09-26T07:19:10+00:00 INFO    [run=8515b328e9e94b458725e80b665d7522 phase=speed_test event=progress.updated] 测速  231/10560 (2%)  有效 62  失败 169  CCTV-9
2026-09-26T07:19:41+00:00 INFO    [run=8515b328e9e94b458725e80b665d7522 phase=speed_test event=progress.updated] 测速  340/10560 (3%)  有效 116  失败 224  CETV-2
2026-09-26T07:20:11+00:00 INFO    [run=8515b328e9e94b458725e80b665d7522 phase=speed_test event=progress.updated] 测速  414/10560 (3%)  有效 123  失败 291  CETV-4
2026-09-26T07:20:43+00:00 INFO    [run=8515b328e9e94b458725e80b665d7522 phase=speed_test event=progress.updated] 测速  487/10560 (4%)  有效 124  失败 363  CCTV4美洲
2026-09-26T07:21:13+00:00 INFO    [run=8515b328e9e94b458725e80b665d7522 phase=speed_test event=progress.updated] 测速  558/10560 (5%)  有效 150  失败 408  第一剧场
2026-09-26T07:21:43+00:00 INFO    [run=8515b328e9e94b458725e80b665d7522 phase=speed_test event=progress.updated] 测速  632/10560 (5%)  有效 182  失败 450  电视指南
2026-09-26T07:22:15+00:00 INFO    [run=8515b328e9e94b458725e80b665d7522 phase=speed_test event=progress.updated] 测速  706/10560 (6%)  有效 201  失败 505  CGTN法语
2026-09-26T07:22:45+00:00 INFO    [run=8515b328e9e94b458725e80b665d7522 phase=speed_test event=progress.updated] 测速  794/10560 (7%)  有效 209  失败 585  湖北经视
2026-09-26T07:23:15+00:00 INFO    [run=8515b328e9e94b458725e80b665d7522 phase=speed_test event=progress.updated] 测速  874/10560 (8%)  有效 223  失败 651  浙江卫视
2026-09-26T07:23:46+00:00 INFO    [run=8515b328e9e94b458725e80b665d7522 phase=speed_test event=progress.updated] 测速  946/10560 (8%)  有效 252  失败 694  天津卫视
2026-09-26T07:24:17+00:00 INFO    [run=8515b328e9e94b458725e80b665d7522 phase=speed_test event=progress.updated] 测速  1016/10560 (9%)  有效 277  失败 739  河北卫视
2026-09-26T07:24:48+00:00 INFO    [run=8515b328e9e94b458725e80b665d7522 phase=speed_test event=progress.updated] 测速  1082/10560 (10%)  有效 300  失败 782  四川卫视
2026-09-26T07:25:18+00:00 INFO    [run=8515b328e9e94b458725e80b665d7522 phase=speed_test event=progress.updated] 测速  1143/10560 (10%)  有效 320  失败 823  广西卫视
2026-09-26T07:25:49+00:00 INFO    [run=8515b328e9e94b458725e80b665d7522 phase=speed_test event=progress.updated] 测速  1203/10560 (11%)  有效 335  失败 868  东南卫视
2026-09-26T07:26:19+00:00 INFO    [run=8515b328e9e94b458725e80b665d7522 phase=speed_test event=progress.updated] 测速  1256/10560 (11%)  有效 338  失败 918  海南卫视
2026-09-26T07:26:50+00:00 INFO    [run=8515b328e9e94b458725e80b665d7522 phase=speed_test event=progress.updated] 测速  1309/10560 (12%)  有效 339  失败 970  海南卫视
2026-09-26T07:27:20+00:00 INFO    [run=8515b328e9e94b458725e80b665d7522 phase=speed_test event=progress.updated] 测速  1374/10560 (13%)  有效 350  失败 1024  甘肃卫视
2026-09-26T07:27:50+00:00 INFO    [run=8515b328e9e94b458725e80b665d7522 phase=speed_test event=progress.updated] 测速  1448/10560 (13%)  有效 382  失败 1066  西藏卫视
2026-09-26T07:28:21+00:00 INFO    [run=8515b328e9e94b458725e80b665d7522 phase=speed_test event=progress.updated] 测速  1516/10560 (14%)  有效 389  失败 1127  兵团卫视
2026-09-26T07:28:51+00:00 INFO    [run=8515b328e9e94b458725e80b665d7522 phase=speed_test event=progress.updated] 测速  1574/10560 (14%)  有效 397  失败 1177  黑龙江卫视
2026-09-26T07:29:23+00:00 INFO    [run=8515b328e9e94b458725e80b665d7522 phase=speed_test event=progress.updated] 测速  1646/10560 (15%)  有效 413  失败 1233  三沙卫视
2026-09-26T07:29:54+00:00 INFO    [run=8515b328e9e94b458725e80b665d7522 phase=speed_test event=progress.updated] 测速  1719/10560 (16%)  有效 415  失败 1304  翡翠台
2026-09-26T07:30:24+00:00 INFO    [run=8515b328e9e94b458725e80b665d7522 phase=speed_test event=progress.updated] 测速  1786/10560 (16%)  有效 422  失败 1364  凤凰资讯
2026-09-26T07:30:54+00:00 INFO    [run=8515b328e9e94b458725e80b665d7522 phase=speed_test event=progress.updated] 测速  1878/10560 (17%)  有效 434  失败 1444  纬来体育
2026-09-26T07:31:24+00:00 INFO    [run=8515b328e9e94b458725e80b665d7522 phase=speed_test event=progress.updated] 测速  1990/10560 (18%)  有效 460  失败 1530  黄渤
2026-09-26T07:31:55+00:00 INFO    [run=8515b328e9e94b458725e80b665d7522 phase=speed_test event=progress.updated] 测速  2075/10560 (19%)  有效 487  失败 1588  许氏三杰
2026-09-26T07:32:25+00:00 INFO    [run=8515b328e9e94b458725e80b665d7522 phase=speed_test event=progress.updated] 测速  2135/10560 (20%)  有效 524  失败 1611  怪兽系列
2026-09-26T07:32:55+00:00 INFO    [run=8515b328e9e94b458725e80b665d7522 phase=speed_test event=progress.updated] 测速  2209/10560 (20%)  有效 551  失败 1658  新三国演
2026-09-26T07:33:25+00:00 INFO    [run=8515b328e9e94b458725e80b665d7522 phase=speed_test event=progress.updated] 测速  2283/10560 (21%)  有效 566  失败 1717  英国剧专区
2026-09-26T07:33:56+00:00 INFO    [run=8515b328e9e94b458725e80b665d7522 phase=speed_test event=progress.updated] 测速  2417/10560 (22%)  有效 580  失败 1837  睛彩篮球
2026-09-26T07:34:26+00:00 INFO    [run=8515b328e9e94b458725e80b665d7522 phase=speed_test event=progress.updated] 测速  2476/10560 (23%)  有效 583  失败 1893  睛彩竞技
2026-09-26T07:34:56+00:00 INFO    [run=8515b328e9e94b458725e80b665d7522 phase=speed_test event=progress.updated] 测速  2548/10560 (24%)  有效 593  失败 1955  武术世界
2026-09-26T07:35:27+00:00 INFO    [run=8515b328e9e94b458725e80b665d7522 phase=speed_test event=progress.updated] 测速  2639/10560 (24%)  有效 598  失败 2041  咪咕直播26
2026-09-26T07:35:58+00:00 INFO    [run=8515b328e9e94b458725e80b665d7522 phase=speed_test event=progress.updated] 测速  2699/10560 (25%)  有效 610  失败 2089  睛彩羽毛球
2026-09-26T07:36:22+00:00 INFO    [run=8515b328e9e94b458725e80b665d7522 phase=speed_test event=speed_test.artifacts_written] 测速明细已写入 output/log/speed_test.log，有效结果已写入 output/log/result.log
2026-09-26T07:36:22+00:00 INFO    [run=8515b328e9e94b458725e80b665d7522 phase=speed_test event=progress.finished] 测速  10560/10560  有效 620  失败 2143
2026-09-26T07:36:22+00:00 INFO    [run=8515b328e9e94b458725e80b665d7522 phase=output event=output.written] 结果文件生成完成：更新 3 个文件
2026-09-26T07:36:23+00:00 INFO    [run=8515b328e9e94b458725e80b665d7522 phase=statistics event=statistics.finished] 频道统计完成：测试 2763，有效 620
2026-09-26T07:36:23+00:00 INFO    [run=8515b328e9e94b458725e80b665d7522 phase=complete event=run.summary] 更新摘要
2026-09-26T07:36:23+00:00 INFO    [run=8515b328e9e94b458725e80b665d7522 phase=complete event=run.finished] 更新完成！总耗时：20:58
2026-09-27T07:47:00+00:00 INFO    [event=application.started] IPTV-API 版本: 3.0.0 (构建时间: 2026-08-07 11:45:59)
2026-09-27T07:47:01+00:00 INFO    [phase=prepare event=network.ipv6.checking] 🛜 正在检查当前网络是否支持IPv6...
2026-09-27T07:47:01+00:00 WARNING [phase=prepare event=network.ipv6.unsupported] 当前网络不支持IPv6，别担心，IPv6的结果会被保存下来
2026-09-27T07:47:01+00:00 INFO    [run=4ef02e47cca944f3ba3191a74577adde phase=prepare event=run.started] 性能模式: auto → balance，可用资源: 4.0 CPU / 15.61 GB，并发: 测速 8、媒体探测 2、源抓取 8
2026-09-27T07:47:01+00:00 INFO    [run=4ef02e47cca944f3ba3191a74577adde phase=prepare event=channels.catalog_loaded] 频道目录已加载：白名单 0，黑名单 14，台标 21
2026-09-27T07:47:01+00:00 INFO    [run=4ef02e47cca944f3ba3191a74577adde phase=fetch event=sources.subscribe.summary] 订阅源数量：20，订阅白名单数量：0，停用地址数量：0，有效总数量：20
2026-09-27T07:47:01+00:00 INFO    [run=4ef02e47cca944f3ba3191a74577adde phase=fetch event=progress.started] 正在进行获取订阅源  0/20
2026-09-27T07:47:01+00:00 INFO    [run=4ef02e47cca944f3ba3191a74577adde phase=fetch event=sources.epg.summary] EPG源数量：1，EPG白名单数量：0，停用地址数量：0，有效总数量：1
2026-09-27T07:47:01+00:00 INFO    [run=4ef02e47cca944f3ba3191a74577adde phase=fetch event=progress.started] 正在进行获取EPG源  0/1
2026-09-27T07:47:01+00:00 WARNING [run=4ef02e47cca944f3ba3191a74577adde phase=fetch event=request.retrying] 🔄 请求http://e.erw.cc/e.xml.gz失败，正在进行第1次重试...
2026-09-27T07:47:01+00:00 ERROR   [run=4ef02e47cca944f3ba3191a74577adde phase=fetch event=source.parse_failed] http://e.erw.cc/e.xml.gz 出错：❌ 请求http://e.erw.cc/e.xml.gz失败，已达到最大重试次数
2026-09-27T07:47:01+00:00 INFO    [run=4ef02e47cca944f3ba3191a74577adde phase=fetch event=progress.updated] 正在进行获取EPG源  1/1 (100%)  剩余 0
2026-09-27T07:47:01+00:00 INFO    [run=4ef02e47cca944f3ba3191a74577adde phase=fetch event=sources.epg.finished] EPG源: ✅ 有效地址数量：1，⛔ 停用地址数量：0
2026-09-27T07:47:01+00:00 INFO    [run=4ef02e47cca944f3ba3191a74577adde phase=fetch event=progress.finished] 正在进行获取EPG源  1/1  匹配 0 个频道
2026-09-27T07:47:02+00:00 INFO    [run=4ef02e47cca944f3ba3191a74577adde phase=fetch event=progress.updated] 正在进行获取订阅源  1/20 (5%)  剩余 19
2026-09-27T07:47:02+00:00 INFO    [run=4ef02e47cca944f3ba3191a74577adde phase=fetch event=progress.updated] 正在进行获取订阅源  3/20 (15%)  剩余 17
2026-09-27T07:47:02+00:00 INFO    [run=4ef02e47cca944f3ba3191a74577adde phase=fetch event=progress.updated] 正在进行获取订阅源  5/20 (25%)  剩余 15
2026-09-27T07:47:02+00:00 INFO    [run=4ef02e47cca944f3ba3191a74577adde phase=fetch event=progress.updated] 正在进行获取订阅源  7/20 (35%)  剩余 13
2026-09-27T07:47:03+00:00 INFO    [run=4ef02e47cca944f3ba3191a74577adde phase=fetch event=progress.updated] 正在进行获取订阅源  9/20 (45%)  剩余 11
2026-09-27T07:47:03+00:00 INFO    [run=4ef02e47cca944f3ba3191a74577adde phase=fetch event=progress.updated] 正在进行获取订阅源  11/20 (55%)  剩余 9
2026-09-27T07:47:04+00:00 INFO    [run=4ef02e47cca944f3ba3191a74577adde phase=fetch event=progress.updated] 正在进行获取订阅源  13/20 (65%)  剩余 7
2026-09-27T07:47:04+00:00 WARNING [run=4ef02e47cca944f3ba3191a74577adde phase=fetch event=request.retrying] 🔄 请求http://cms.supertv01.com/zhibo/iptv.txt失败，正在进行第1次重试...
2026-09-27T07:47:04+00:00 INFO    [run=4ef02e47cca944f3ba3191a74577adde phase=fetch event=progress.updated] 正在进行获取订阅源  15/20 (75%)  剩余 5
2026-09-27T07:47:05+00:00 WARNING [run=4ef02e47cca944f3ba3191a74577adde phase=fetch event=source.request_failed] 订阅源请求失败：❌ 请求http://cms.supertv01.com/zhibo/iptv.txt失败，已达到最大重试次数
2026-09-27T07:47:05+00:00 INFO    [run=4ef02e47cca944f3ba3191a74577adde phase=fetch event=progress.updated] 正在进行获取订阅源  17/20 (85%)  剩余 3
2026-09-27T07:47:05+00:00 INFO    [run=4ef02e47cca944f3ba3191a74577adde phase=fetch event=progress.updated] 正在进行获取订阅源  19/20 (95%)  剩余 1
2026-09-27T07:47:06+00:00 INFO    [run=4ef02e47cca944f3ba3191a74577adde phase=fetch event=progress.updated] 正在进行获取订阅源  20/20 (100%)  剩余 0
2026-09-27T07:47:06+00:00 INFO    [run=4ef02e47cca944f3ba3191a74577adde phase=fetch event=sources.subscribe.finished] 订阅源: ✅ 有效地址数量：20，⛔ 停用地址数量：0
2026-09-27T07:47:06+00:00 INFO    [run=4ef02e47cca944f3ba3191a74577adde phase=fetch event=progress.finished] 正在进行获取订阅源  20/20  未匹配 10000
2026-09-27T07:49:05+00:00 INFO    [run=4ef02e47cca944f3ba3191a74577adde phase=aggregate event=channels.aggregated] 频道数据聚合完成：477 个频道，25266 个接口（IPv4 23784 / IPv6 1482）
2026-09-27T07:49:05+00:00 INFO    [run=4ef02e47cca944f3ba3191a74577adde phase=speed_test event=speed_test.planned] 总接口数量: 11866, 需要进行测速的接口数量: 11028
2026-09-27T07:49:05+00:00 INFO    [run=4ef02e47cca944f3ba3191a74577adde phase=speed_test event=progress.started] 测速  0/11028
2026-09-27T07:49:05+00:00 INFO    [run=4ef02e47cca944f3ba3191a74577adde phase=speed_test event=progress.updated] 测速  1/11028 (0%)  有效 0  失败 1  CCTV-1
2026-09-27T07:49:35+00:00 INFO    [run=4ef02e47cca944f3ba3191a74577adde phase=speed_test event=progress.updated] 测速  89/11028 (0%)  有效 32  失败 57  CCTV-5+
2026-09-27T07:50:06+00:00 INFO    [run=4ef02e47cca944f3ba3191a74577adde phase=speed_test event=progress.updated] 测速  141/11028 (1%)  有效 33  失败 108  CCTV-5+
2026-09-27T07:50:36+00:00 INFO    [run=4ef02e47cca944f3ba3191a74577adde phase=speed_test event=progress.updated] 测速  205/11028 (1%)  有效 33  失败 172  CCTV-5+
2026-09-27T07:51:06+00:00 INFO    [run=4ef02e47cca944f3ba3191a74577adde phase=speed_test event=progress.updated] 测速  295/11028 (2%)  有效 66  失败 229  CCTV-11
2026-09-27T07:51:36+00:00 INFO    [run=4ef02e47cca944f3ba3191a74577adde phase=speed_test event=progress.updated] 测速  395/11028 (3%)  有效 112  失败 283  CETV-1
2026-09-27T07:52:07+00:00 INFO    [run=4ef02e47cca944f3ba3191a74577adde phase=speed_test event=progress.updated] 测速  470/11028 (4%)  有效 118  失败 352  CETV-4
2026-09-27T07:52:38+00:00 INFO    [run=4ef02e47cca944f3ba3191a74577adde phase=speed_test event=progress.updated] 测速  547/11028 (4%)  有效 118  失败 429  CCTV4欧洲
2026-09-27T07:53:08+00:00 INFO    [run=4ef02e47cca944f3ba3191a74577adde phase=speed_test event=progress.updated] 测速  615/11028 (5%)  有效 122  失败 493  文化精品
2026-09-27T07:53:38+00:00 INFO    [run=4ef02e47cca944f3ba3191a74577adde phase=speed_test event=progress.updated] 测速  706/11028 (6%)  有效 161  失败 545  高尔夫网球
2026-09-27T07:54:09+00:00 INFO    [run=4ef02e47cca944f3ba3191a74577adde phase=speed_test event=progress.updated] 测速  789/11028 (7%)  有效 186  失败 603  CGTN西语
2026-09-27T07:54:39+00:00 INFO    [run=4ef02e47cca944f3ba3191a74577adde phase=speed_test event=progress.updated] 测速  856/11028 (7%)  有效 190  失败 666  CGTN法语
2026-09-27T07:55:09+00:00 INFO    [run=4ef02e47cca944f3ba3191a74577adde phase=speed_test event=progress.updated] 测速  961/11028 (8%)  有效 198  失败 763  武汉文体
2026-09-27T07:55:39+00:00 INFO    [run=4ef02e47cca944f3ba3191a74577adde phase=speed_test event=progress.updated] 测速  1031/11028 (9%)  有效 221  失败 810  北京卫视
2026-09-27T07:56:09+00:00 INFO    [run=4ef02e47cca944f3ba3191a74577adde phase=speed_test event=progress.updated] 测速  1168/11028 (10%)  有效 311  失败 857  云南卫视
2026-09-27T07:56:40+00:00 INFO    [run=4ef02e47cca944f3ba3191a74577adde phase=speed_test event=progress.updated] 测速  1268/11028 (11%)  有效 363  失败 905  陕西卫视
2026-09-27T07:57:10+00:00 INFO    [run=4ef02e47cca944f3ba3191a74577adde phase=speed_test event=progress.updated] 测速  1367/11028 (12%)  有效 389  失败 978  明珠台
2026-09-27T07:57:40+00:00 INFO    [run=4ef02e47cca944f3ba3191a74577adde phase=speed_test event=progress.updated] 测速  1451/11028 (13%)  有效 405  失败 1046  纬来体育
2026-09-27T07:58:11+00:00 INFO    [run=4ef02e47cca944f3ba3191a74577adde phase=speed_test event=progress.updated] 测速  1565/11028 (14%)  有效 426  失败 1139  CHC高清电影
2026-09-27T07:58:41+00:00 INFO    [run=4ef02e47cca944f3ba3191a74577adde phase=speed_test event=progress.updated] 测速  1654/11028 (14%)  有效 459  失败 1195  大秦赋
2026-09-27T07:59:11+00:00 INFO    [run=4ef02e47cca944f3ba3191a74577adde phase=speed_test event=progress.updated] 测速  1718/11028 (15%)  有效 496  失败 1222  五福星轮播
2026-09-27T07:59:41+00:00 INFO    [run=4ef02e47cca944f3ba3191a74577adde phase=speed_test event=progress.updated] 测速  1790/11028 (16%)  有效 518  失败 1272  三国演义
2026-09-27T08:00:12+00:00 INFO    [run=4ef02e47cca944f3ba3191a74577adde phase=speed_test event=progress.updated] 测速  1869/11028 (16%)  有效 535  失败 1334  穿越剧专区
2026-09-27T08:00:42+00:00 INFO    [run=4ef02e47cca944f3ba3191a74577adde phase=speed_test event=progress.updated] 测速  2004/11028 (18%)  有效 549  失败 1455  东森洋片
2026-09-27T08:01:12+00:00 INFO    [run=4ef02e47cca944f3ba3191a74577adde phase=speed_test event=progress.updated] 测速  2060/11028 (18%)  有效 551  失败 1509  睛彩青少
2026-09-27T08:01:43+00:00 INFO    [run=4ef02e47cca944f3ba3191a74577adde phase=speed_test event=progress.updated] 测速  2131/11028 (19%)  有效 565  失败 1566  武术世界
2026-09-27T08:02:13+00:00 INFO    [run=4ef02e47cca944f3ba3191a74577adde phase=speed_test event=progress.updated] 测速  2202/11028 (19%)  有效 569  失败 1633  快乐垂钓
2026-09-27T08:02:45+00:00 INFO    [run=4ef02e47cca944f3ba3191a74577adde phase=speed_test event=progress.updated] 测速  2295/11028 (20%)  有效 577  失败 1718  劲爆体育
2026-09-27T08:03:16+00:00 INFO    [run=4ef02e47cca944f3ba3191a74577adde phase=speed_test event=progress.updated] 测速  2359/11028 (21%)  有效 585  失败 1774  天元围棋
2026-09-27T08:03:37+00:00 INFO    [run=4ef02e47cca944f3ba3191a74577adde phase=speed_test event=speed_test.artifacts_written] 测速明细已写入 output/log/speed_test.log，有效结果已写入 output/log/result.log
2026-09-27T08:03:37+00:00 INFO    [run=4ef02e47cca944f3ba3191a74577adde phase=speed_test event=progress.finished] 测速  11028/11028  有效 588  失败 1824
2026-09-27T08:03:37+00:00 INFO    [run=4ef02e47cca944f3ba3191a74577adde phase=output event=output.written] 结果文件生成完成：更新 3 个文件
2026-09-27T08:03:38+00:00 INFO    [run=4ef02e47cca944f3ba3191a74577adde phase=statistics event=statistics.finished] 频道统计完成：测试 2412，有效 588
2026-09-27T08:03:38+00:00 INFO    [run=4ef02e47cca944f3ba3191a74577adde phase=complete event=run.summary] 更新摘要
2026-09-27T08:03:38+00:00 INFO    [run=4ef02e47cca944f3ba3191a74577adde phase=complete event=run.finished] 更新完成！总耗时：16:37
2026-09-28T08:25:02+00:00 INFO    [event=application.started] IPTV-API 版本: 3.0.0 (构建时间: 2026-08-07 11:45:59)
2026-09-28T08:25:02+00:00 INFO    [phase=prepare event=network.ipv6.checking] 🛜 正在检查当前网络是否支持IPv6...
2026-09-28T08:25:02+00:00 WARNING [phase=prepare event=network.ipv6.unsupported] 当前网络不支持IPv6，别担心，IPv6的结果会被保存下来
2026-09-28T08:25:02+00:00 INFO    [run=7ba3e614a07542b2989c0bc2efe2886c phase=prepare event=run.started] 性能模式: auto → balance，可用资源: 4.0 CPU / 15.61 GB，并发: 测速 8、媒体探测 2、源抓取 8
2026-09-28T08:25:02+00:00 INFO    [run=7ba3e614a07542b2989c0bc2efe2886c phase=prepare event=channels.catalog_loaded] 频道目录已加载：白名单 0，黑名单 14，台标 21
2026-09-28T08:25:02+00:00 INFO    [run=7ba3e614a07542b2989c0bc2efe2886c phase=fetch event=sources.subscribe.summary] 订阅源数量：20，订阅白名单数量：0，停用地址数量：0，有效总数量：20
2026-09-28T08:25:02+00:00 INFO    [run=7ba3e614a07542b2989c0bc2efe2886c phase=fetch event=progress.started] 正在进行获取订阅源  0/20
2026-09-28T08:25:02+00:00 INFO    [run=7ba3e614a07542b2989c0bc2efe2886c phase=fetch event=sources.epg.summary] EPG源数量：1，EPG白名单数量：0，停用地址数量：0，有效总数量：1
2026-09-28T08:25:02+00:00 INFO    [run=7ba3e614a07542b2989c0bc2efe2886c phase=fetch event=progress.started] 正在进行获取EPG源  0/1
2026-09-28T08:25:03+00:00 WARNING [run=7ba3e614a07542b2989c0bc2efe2886c phase=fetch event=request.retrying] 🔄 请求http://e.erw.cc/e.xml.gz失败，正在进行第1次重试...
2026-09-28T08:25:03+00:00 ERROR   [run=7ba3e614a07542b2989c0bc2efe2886c phase=fetch event=source.parse_failed] http://e.erw.cc/e.xml.gz 出错：❌ 请求http://e.erw.cc/e.xml.gz失败，已达到最大重试次数
2026-09-28T08:25:03+00:00 INFO    [run=7ba3e614a07542b2989c0bc2efe2886c phase=fetch event=progress.updated] 正在进行获取EPG源  1/1 (100%)  剩余 0
2026-09-28T08:25:03+00:00 INFO    [run=7ba3e614a07542b2989c0bc2efe2886c phase=fetch event=sources.epg.finished] EPG源: ✅ 有效地址数量：1，⛔ 停用地址数量：0
2026-09-28T08:25:03+00:00 INFO    [run=7ba3e614a07542b2989c0bc2efe2886c phase=fetch event=progress.finished] 正在进行获取EPG源  1/1  匹配 0 个频道
2026-09-28T08:25:04+00:00 INFO    [run=7ba3e614a07542b2989c0bc2efe2886c phase=fetch event=progress.updated] 正在进行获取订阅源  1/20 (5%)  剩余 19
2026-09-28T08:25:04+00:00 INFO    [run=7ba3e614a07542b2989c0bc2efe2886c phase=fetch event=progress.updated] 正在进行获取订阅源  3/20 (15%)  剩余 17
2026-09-28T08:25:04+00:00 INFO    [run=7ba3e614a07542b2989c0bc2efe2886c phase=fetch event=progress.updated] 正在进行获取订阅源  5/20 (25%)  剩余 15
2026-09-28T08:25:05+00:00 INFO    [run=7ba3e614a07542b2989c0bc2efe2886c phase=fetch event=progress.updated] 正在进行获取订阅源  7/20 (35%)  剩余 13
2026-09-28T08:25:05+00:00 INFO    [run=7ba3e614a07542b2989c0bc2efe2886c phase=fetch event=progress.updated] 正在进行获取订阅源  9/20 (45%)  剩余 11
2026-09-28T08:25:06+00:00 INFO    [run=7ba3e614a07542b2989c0bc2efe2886c phase=fetch event=progress.updated] 正在进行获取订阅源  11/20 (55%)  剩余 9
2026-09-28T08:25:06+00:00 WARNING [run=7ba3e614a07542b2989c0bc2efe2886c phase=fetch event=request.retrying] 🔄 请求http://cms.supertv01.com/zhibo/iptv.txt失败，正在进行第1次重试...
2026-09-28T08:25:06+00:00 INFO    [run=7ba3e614a07542b2989c0bc2efe2886c phase=fetch event=progress.updated] 正在进行获取订阅源  13/20 (65%)  剩余 7
2026-09-28T08:25:06+00:00 INFO    [run=7ba3e614a07542b2989c0bc2efe2886c phase=fetch event=progress.updated] 正在进行获取订阅源  15/20 (75%)  剩余 5
2026-09-28T08:25:07+00:00 WARNING [run=7ba3e614a07542b2989c0bc2efe2886c phase=fetch event=source.request_failed] 订阅源请求失败：❌ 请求http://cms.supertv01.com/zhibo/iptv.txt失败，已达到最大重试次数
2026-09-28T08:25:07+00:00 INFO    [run=7ba3e614a07542b2989c0bc2efe2886c phase=fetch event=progress.updated] 正在进行获取订阅源  17/20 (85%)  剩余 3
2026-09-28T08:25:08+00:00 INFO    [run=7ba3e614a07542b2989c0bc2efe2886c phase=fetch event=progress.updated] 正在进行获取订阅源  19/20 (95%)  剩余 1
2026-09-28T08:25:09+00:00 INFO    [run=7ba3e614a07542b2989c0bc2efe2886c phase=fetch event=progress.updated] 正在进行获取订阅源  20/20 (100%)  剩余 0
2026-09-28T08:25:09+00:00 INFO    [run=7ba3e614a07542b2989c0bc2efe2886c phase=fetch event=sources.subscribe.finished] 订阅源: ✅ 有效地址数量：20，⛔ 停用地址数量：0
2026-09-28T08:25:09+00:00 INFO    [run=7ba3e614a07542b2989c0bc2efe2886c phase=fetch event=progress.finished] 正在进行获取订阅源  20/20  未匹配 10000
2026-09-28T08:26:54+00:00 INFO    [run=7ba3e614a07542b2989c0bc2efe2886c phase=aggregate event=channels.aggregated] 频道数据聚合完成：477 个频道，26344 个接口（IPv4 23473 / IPv6 2871）
2026-09-28T08:26:54+00:00 INFO    [run=7ba3e614a07542b2989c0bc2efe2886c phase=speed_test event=speed_test.planned] 总接口数量: 12501, 需要进行测速的接口数量: 10801
2026-09-28T08:26:54+00:00 INFO    [run=7ba3e614a07542b2989c0bc2efe2886c phase=speed_test event=progress.started] 测速  0/10801
2026-09-28T08:26:54+00:00 INFO    [run=7ba3e614a07542b2989c0bc2efe2886c phase=speed_test event=progress.updated] 测速  1/10801 (0%)  有效 0  失败 1  CCTV-1
2026-09-28T08:27:25+00:00 INFO    [run=7ba3e614a07542b2989c0bc2efe2886c phase=speed_test event=progress.updated] 测速  76/10801 (0%)  有效 31  失败 45  CCTV-5
2026-09-28T08:27:55+00:00 INFO    [run=7ba3e614a07542b2989c0bc2efe2886c phase=speed_test event=progress.updated] 测速  123/10801 (1%)  有效 31  失败 92  CCTV-5+
2026-09-28T08:28:25+00:00 INFO    [run=7ba3e614a07542b2989c0bc2efe2886c phase=speed_test event=progress.updated] 测速  181/10801 (1%)  有效 31  失败 150  CCTV-5+
2026-09-28T08:28:55+00:00 INFO    [run=7ba3e614a07542b2989c0bc2efe2886c phase=speed_test event=progress.updated] 测速  246/10801 (2%)  有效 39  失败 207  CCTV-7
2026-09-28T08:29:25+00:00 INFO    [run=7ba3e614a07542b2989c0bc2efe2886c phase=speed_test event=progress.updated] 测速  367/10801 (3%)  有效 105  失败 262  CETV-1
2026-09-28T08:29:56+00:00 INFO    [run=7ba3e614a07542b2989c0bc2efe2886c phase=speed_test event=progress.updated] 测速  429/10801 (3%)  有效 107  失败 322  CETV-2
2026-09-28T08:30:26+00:00 INFO    [run=7ba3e614a07542b2989c0bc2efe2886c phase=speed_test event=progress.updated] 测速  500/10801 (4%)  有效 113  失败 387  CETV-4
2026-09-28T08:30:56+00:00 INFO    [run=7ba3e614a07542b2989c0bc2efe2886c phase=speed_test event=progress.updated] 测速  554/10801 (5%)  有效 114  失败 440  CCTV4欧洲
2026-09-28T08:31:27+00:00 INFO    [run=7ba3e614a07542b2989c0bc2efe2886c phase=speed_test event=progress.updated] 测速  629/10801 (5%)  有效 145  失败 484  怀旧剧场
2026-09-28T08:31:58+00:00 INFO    [run=7ba3e614a07542b2989c0bc2efe2886c phase=speed_test event=progress.updated] 测速  722/10801 (6%)  有效 187  失败 535  CGTN西语
2026-09-28T08:32:28+00:00 INFO    [run=7ba3e614a07542b2989c0bc2efe2886c phase=speed_test event=progress.updated] 测速  780/10801 (7%)  有效 187  失败 593  CGTN法语
2026-09-28T08:32:58+00:00 INFO    [run=7ba3e614a07542b2989c0bc2efe2886c phase=speed_test event=progress.updated] 测速  886/10801 (8%)  有效 202  失败 684  北京卫视
2026-09-28T08:33:28+00:00 INFO    [run=7ba3e614a07542b2989c0bc2efe2886c phase=speed_test event=progress.updated] 测速  980/10801 (9%)  有效 256  失败 724  辽宁卫视
2026-09-28T08:33:59+00:00 INFO    [run=7ba3e614a07542b2989c0bc2efe2886c phase=speed_test event=progress.updated] 测速  1080/10801 (9%)  有效 313  失败 767  东南卫视
2026-09-28T08:34:29+00:00 INFO    [run=7ba3e614a07542b2989c0bc2efe2886c phase=speed_test event=progress.updated] 测速  1176/10801 (10%)  有效 362  失败 814  西藏卫视
2026-09-28T08:35:00+00:00 INFO    [run=7ba3e614a07542b2989c0bc2efe2886c phase=speed_test event=progress.updated] 测速  1238/10801 (11%)  有效 363  失败 875  兵团卫视
2026-09-28T08:35:30+00:00 INFO    [run=7ba3e614a07542b2989c0bc2efe2886c phase=speed_test event=progress.updated] 测速  1334/10801 (12%)  有效 390  失败 944  凤凰中文
2026-09-28T08:36:00+00:00 INFO    [run=7ba3e614a07542b2989c0bc2efe2886c phase=speed_test event=progress.updated] 测速  1416/10801 (13%)  有效 401  失败 1015  TVBS亚洲
2026-09-28T08:36:31+00:00 INFO    [run=7ba3e614a07542b2989c0bc2efe2886c phase=speed_test event=progress.updated] 测速  1545/10801 (14%)  有效 431  失败 1114  CHC家庭影院
2026-09-28T08:37:01+00:00 INFO    [run=7ba3e614a07542b2989c0bc2efe2886c phase=speed_test event=progress.updated] 测速  1626/10801 (15%)  有效 460  失败 1166  大时代
2026-09-28T08:37:32+00:00 INFO    [run=7ba3e614a07542b2989c0bc2efe2886c phase=speed_test event=progress.updated] 测速  1696/10801 (15%)  有效 497  失败 1199  死神来了
2026-09-28T08:38:02+00:00 INFO    [run=7ba3e614a07542b2989c0bc2efe2886c phase=speed_test event=progress.updated] 测速  1761/10801 (16%)  有效 521  失败 1240  我的团长
2026-09-28T08:38:32+00:00 INFO    [run=7ba3e614a07542b2989c0bc2efe2886c phase=speed_test event=progress.updated] 测速  1836/10801 (16%)  有效 542  失败 1294  古装剧专区
2026-09-28T08:39:02+00:00 INFO    [run=7ba3e614a07542b2989c0bc2efe2886c phase=speed_test event=progress.updated] 测速  1935/10801 (17%)  有效 558  失败 1377  无线星河
2026-09-28T08:39:33+00:00 INFO    [run=7ba3e614a07542b2989c0bc2efe2886c phase=speed_test event=progress.updated] 测速  2016/10801 (18%)  有效 564  失败 1452  睛彩青少
2026-09-28T08:40:04+00:00 INFO    [run=7ba3e614a07542b2989c0bc2efe2886c phase=speed_test event=progress.updated] 测速  2094/10801 (19%)  有效 578  失败 1516  武术世界
2026-09-28T08:40:34+00:00 INFO    [run=7ba3e614a07542b2989c0bc2efe2886c phase=speed_test event=progress.updated] 测速  2144/10801 (19%)  有效 581  失败 1563  快乐垂钓
2026-09-28T08:41:06+00:00 INFO    [run=7ba3e614a07542b2989c0bc2efe2886c phase=speed_test event=progress.updated] 测速  2185/10801 (20%)  有效 583  失败 1602  咪咕直播9
2026-09-28T08:41:37+00:00 INFO    [run=7ba3e614a07542b2989c0bc2efe2886c phase=speed_test event=progress.updated] 测速  2223/10801 (20%)  有效 589  失败 1634  劲爆体育
2026-09-28T08:42:07+00:00 INFO    [run=7ba3e614a07542b2989c0bc2efe2886c phase=speed_test event=progress.updated] 测速  2288/10801 (21%)  有效 598  失败 1690  笑傲江湖
2026-09-28T08:42:19+00:00 INFO    [run=7ba3e614a07542b2989c0bc2efe2886c phase=speed_test event=speed_test.artifacts_written] 测速明细已写入 output/log/speed_test.log，有效结果已写入 output/log/result.log
2026-09-28T08:42:19+00:00 INFO    [run=7ba3e614a07542b2989c0bc2efe2886c phase=speed_test event=progress.finished] 测速  10801/10801  有效 601  失败 1723
2026-09-28T08:42:21+00:00 INFO    [run=7ba3e614a07542b2989c0bc2efe2886c phase=output event=output.written] 结果文件生成完成：更新 3 个文件
2026-09-28T08:42:23+00:00 INFO    [run=7ba3e614a07542b2989c0bc2efe2886c phase=statistics event=statistics.finished] 频道统计完成：测试 2324，有效 601
2026-09-28T08:42:23+00:00 INFO    [run=7ba3e614a07542b2989c0bc2efe2886c phase=complete event=run.summary] 更新摘要
2026-09-28T08:42:23+00:00 INFO    [run=7ba3e614a07542b2989c0bc2efe2886c phase=complete event=run.finished] 更新完成！总耗时：17:20
2026-09-29T08:04:01+00:00 INFO    [event=application.started] IPTV-API 版本: 3.0.0 (构建时间: 2026-08-07 11:45:59)
2026-09-29T08:04:01+00:00 INFO    [phase=prepare event=network.ipv6.checking] 🛜 正在检查当前网络是否支持IPv6...
2026-09-29T08:04:02+00:00 WARNING [phase=prepare event=network.ipv6.unsupported] 当前网络不支持IPv6，别担心，IPv6的结果会被保存下来
2026-09-29T08:04:02+00:00 INFO    [run=5e04182b4ad147d0a41288ebf1a0b24f phase=prepare event=run.started] 性能模式: auto → balance，可用资源: 4.0 CPU / 15.61 GB，并发: 测速 8、媒体探测 2、源抓取 8
2026-09-29T08:04:02+00:00 INFO    [run=5e04182b4ad147d0a41288ebf1a0b24f phase=prepare event=channels.catalog_loaded] 频道目录已加载：白名单 0，黑名单 14，台标 21
2026-09-29T08:04:02+00:00 INFO    [run=5e04182b4ad147d0a41288ebf1a0b24f phase=fetch event=sources.subscribe.summary] 订阅源数量：20，订阅白名单数量：0，停用地址数量：0，有效总数量：20
2026-09-29T08:04:02+00:00 INFO    [run=5e04182b4ad147d0a41288ebf1a0b24f phase=fetch event=progress.started] 正在进行获取订阅源  0/20
2026-09-29T08:04:02+00:00 INFO    [run=5e04182b4ad147d0a41288ebf1a0b24f phase=fetch event=sources.epg.summary] EPG源数量：1，EPG白名单数量：0，停用地址数量：0，有效总数量：1
2026-09-29T08:04:02+00:00 INFO    [run=5e04182b4ad147d0a41288ebf1a0b24f phase=fetch event=progress.started] 正在进行获取EPG源  0/1
2026-09-29T08:04:02+00:00 WARNING [run=5e04182b4ad147d0a41288ebf1a0b24f phase=fetch event=request.retrying] 🔄 请求http://e.erw.cc/e.xml.gz失败，正在进行第1次重试...
2026-09-29T08:04:02+00:00 ERROR   [run=5e04182b4ad147d0a41288ebf1a0b24f phase=fetch event=source.parse_failed] http://e.erw.cc/e.xml.gz 出错：❌ 请求http://e.erw.cc/e.xml.gz失败，已达到最大重试次数
2026-09-29T08:04:02+00:00 INFO    [run=5e04182b4ad147d0a41288ebf1a0b24f phase=fetch event=progress.updated] 正在进行获取EPG源  1/1 (100%)  剩余 0
2026-09-29T08:04:02+00:00 INFO    [run=5e04182b4ad147d0a41288ebf1a0b24f phase=fetch event=sources.epg.finished] EPG源: ✅ 有效地址数量：1，⛔ 停用地址数量：0
2026-09-29T08:04:02+00:00 INFO    [run=5e04182b4ad147d0a41288ebf1a0b24f phase=fetch event=progress.finished] 正在进行获取EPG源  1/1  匹配 0 个频道
2026-09-29T08:04:03+00:00 INFO    [run=5e04182b4ad147d0a41288ebf1a0b24f phase=fetch event=progress.updated] 正在进行获取订阅源  1/20 (5%)  剩余 19
2026-09-29T08:04:03+00:00 INFO    [run=5e04182b4ad147d0a41288ebf1a0b24f phase=fetch event=progress.updated] 正在进行获取订阅源  3/20 (15%)  剩余 17
2026-09-29T08:04:03+00:00 INFO    [run=5e04182b4ad147d0a41288ebf1a0b24f phase=fetch event=progress.updated] 正在进行获取订阅源  5/20 (25%)  剩余 15
2026-09-29T08:04:04+00:00 INFO    [run=5e04182b4ad147d0a41288ebf1a0b24f phase=fetch event=progress.updated] 正在进行获取订阅源  7/20 (35%)  剩余 13
2026-09-29T08:04:04+00:00 INFO    [run=5e04182b4ad147d0a41288ebf1a0b24f phase=fetch event=progress.updated] 正在进行获取订阅源  9/20 (45%)  剩余 11
2026-09-29T08:04:05+00:00 INFO    [run=5e04182b4ad147d0a41288ebf1a0b24f phase=fetch event=progress.updated] 正在进行获取订阅源  11/20 (55%)  剩余 9
2026-09-29T08:04:05+00:00 INFO    [run=5e04182b4ad147d0a41288ebf1a0b24f phase=fetch event=progress.updated] 正在进行获取订阅源  13/20 (65%)  剩余 7
2026-09-29T08:04:05+00:00 INFO    [run=5e04182b4ad147d0a41288ebf1a0b24f phase=fetch event=progress.updated] 正在进行获取订阅源  15/20 (75%)  剩余 5
2026-09-29T08:04:06+00:00 INFO    [run=5e04182b4ad147d0a41288ebf1a0b24f phase=fetch event=progress.updated] 正在进行获取订阅源  17/20 (85%)  剩余 3
2026-09-29T08:04:06+00:00 WARNING [run=5e04182b4ad147d0a41288ebf1a0b24f phase=fetch event=request.retrying] 🔄 请求http://cms.supertv01.com/zhibo/iptv.txt失败，正在进行第1次重试...
2026-09-29T08:04:08+00:00 WARNING [run=5e04182b4ad147d0a41288ebf1a0b24f phase=fetch event=source.request_failed] 订阅源请求失败：❌ 请求http://cms.supertv01.com/zhibo/iptv.txt失败，已达到最大重试次数
2026-09-29T08:04:08+00:00 INFO    [run=5e04182b4ad147d0a41288ebf1a0b24f phase=fetch event=progress.updated] 正在进行获取订阅源  19/20 (95%)  剩余 1
2026-09-29T08:04:08+00:00 INFO    [run=5e04182b4ad147d0a41288ebf1a0b24f phase=fetch event=progress.updated] 正在进行获取订阅源  20/20 (100%)  剩余 0
2026-09-29T08:04:08+00:00 INFO    [run=5e04182b4ad147d0a41288ebf1a0b24f phase=fetch event=sources.subscribe.finished] 订阅源: ✅ 有效地址数量：20，⛔ 停用地址数量：0
2026-09-29T08:04:08+00:00 INFO    [run=5e04182b4ad147d0a41288ebf1a0b24f phase=fetch event=progress.finished] 正在进行获取订阅源  20/20  未匹配 10000
2026-09-29T08:06:40+00:00 INFO    [run=5e04182b4ad147d0a41288ebf1a0b24f phase=aggregate event=channels.aggregated] 频道数据聚合完成：477 个频道，25158 个接口（IPv4 23694 / IPv6 1464）
2026-09-29T08:06:40+00:00 INFO    [run=5e04182b4ad147d0a41288ebf1a0b24f phase=speed_test event=speed_test.planned] 总接口数量: 11763, 需要进行测速的接口数量: 10944
2026-09-29T08:06:40+00:00 INFO    [run=5e04182b4ad147d0a41288ebf1a0b24f phase=speed_test event=progress.started] 测速  0/10944
2026-09-29T08:06:41+00:00 INFO    [run=5e04182b4ad147d0a41288ebf1a0b24f phase=speed_test event=progress.updated] 测速  1/10944 (0%)  有效 0  失败 1  CCTV-1
2026-09-29T08:07:11+00:00 INFO    [run=5e04182b4ad147d0a41288ebf1a0b24f phase=speed_test event=progress.updated] 测速  96/10944 (0%)  有效 30  失败 66  CCTV-5+
2026-09-29T08:07:41+00:00 INFO    [run=5e04182b4ad147d0a41288ebf1a0b24f phase=speed_test event=progress.updated] 测速  153/10944 (1%)  有效 30  失败 123  CCTV-5+
2026-09-29T08:08:12+00:00 INFO    [run=5e04182b4ad147d0a41288ebf1a0b24f phase=speed_test event=progress.updated] 测速  224/10944 (2%)  有效 34  失败 190  CCTV-5+
2026-09-29T08:08:42+00:00 INFO    [run=5e04182b4ad147d0a41288ebf1a0b24f phase=speed_test event=progress.updated] 测速  346/10944 (3%)  有效 105  失败 241  CCTV-17
2026-09-29T08:09:13+00:00 INFO    [run=5e04182b4ad147d0a41288ebf1a0b24f phase=speed_test event=progress.updated] 测速  406/10944 (3%)  有效 105  失败 301  CETV-1
2026-09-29T08:09:43+00:00 INFO    [run=5e04182b4ad147d0a41288ebf1a0b24f phase=speed_test event=progress.updated] 测速  465/10944 (4%)  有效 106  失败 359  CETV-2
2026-09-29T08:10:13+00:00 INFO    [run=5e04182b4ad147d0a41288ebf1a0b24f phase=speed_test event=progress.updated] 测速  540/10944 (4%)  有效 112  失败 428  CETV-4
2026-09-29T08:10:43+00:00 INFO    [run=5e04182b4ad147d0a41288ebf1a0b24f phase=speed_test event=progress.updated] 测速  612/10944 (5%)  有效 112  失败 500  CCTV4欧洲
2026-09-29T08:11:13+00:00 INFO    [run=5e04182b4ad147d0a41288ebf1a0b24f phase=speed_test event=progress.updated] 测速  710/10944 (6%)  有效 153  失败 557  风云剧场
2026-09-29T08:11:44+00:00 INFO    [run=5e04182b4ad147d0a41288ebf1a0b24f phase=speed_test event=progress.updated] 测速  774/10944 (7%)  有效 168  失败 606  世界地理
2026-09-29T08:12:14+00:00 INFO    [run=5e04182b4ad147d0a41288ebf1a0b24f phase=speed_test event=progress.updated] 测速  849/10944 (7%)  有效 183  失败 666  CGTN法语
2026-09-29T08:12:44+00:00 INFO    [run=5e04182b4ad147d0a41288ebf1a0b24f phase=speed_test event=progress.updated] 测速  952/10944 (8%)  有效 191  失败 761  湖北教育
2026-09-29T08:13:14+00:00 INFO    [run=5e04182b4ad147d0a41288ebf1a0b24f phase=speed_test event=progress.updated] 测速  1052/10944 (9%)  有效 233  失败 819  天津卫视
2026-09-29T08:13:45+00:00 INFO    [run=5e04182b4ad147d0a41288ebf1a0b24f phase=speed_test event=progress.updated] 测速  1163/10944 (10%)  有效 291  失败 872  湖北卫视
2026-09-29T08:14:15+00:00 INFO    [run=5e04182b4ad147d0a41288ebf1a0b24f phase=speed_test event=progress.updated] 测速  1217/10944 (11%)  有效 291  失败 926  湖北卫视
2026-09-29T08:14:45+00:00 INFO    [run=5e04182b4ad147d0a41288ebf1a0b24f phase=speed_test event=progress.updated] 测速  1286/10944 (11%)  有效 304  失败 982  云南卫视
2026-09-29T08:15:16+00:00 INFO    [run=5e04182b4ad147d0a41288ebf1a0b24f phase=speed_test event=progress.updated] 测速  1408/10944 (12%)  有效 358  失败 1050  兵团卫视
2026-09-29T08:15:46+00:00 INFO    [run=5e04182b4ad147d0a41288ebf1a0b24f phase=speed_test event=progress.updated] 测速  1480/10944 (13%)  有效 368  失败 1112  黑龙江卫视
2026-09-29T08:16:16+00:00 INFO    [run=5e04182b4ad147d0a41288ebf1a0b24f phase=speed_test event=progress.updated] 测速  1580/10944 (14%)  有效 389  失败 1191  凤凰资讯
2026-09-29T08:16:47+00:00 INFO    [run=5e04182b4ad147d0a41288ebf1a0b24f phase=speed_test event=progress.updated] 测速  1681/10944 (15%)  有效 401  失败 1280  Viutv
2026-09-29T08:17:17+00:00 INFO    [run=5e04182b4ad147d0a41288ebf1a0b24f phase=speed_test event=progress.updated] 测速  1794/10944 (16%)  有效 438  失败 1356  陈情令
2026-09-29T08:17:48+00:00 INFO    [run=5e04182b4ad147d0a41288ebf1a0b24f phase=speed_test event=progress.updated] 测速  1872/10944 (17%)  有效 465  失败 1407  玄幻轮播
2026-09-29T08:18:19+00:00 INFO    [run=5e04182b4ad147d0a41288ebf1a0b24f phase=speed_test event=progress.updated] 测速  1938/10944 (17%)  有效 493  失败 1445  风云雄霸
2026-09-29T08:18:50+00:00 INFO    [run=5e04182b4ad147d0a41288ebf1a0b24f phase=speed_test event=progress.updated] 测速  2018/10944 (18%)  有效 517  失败 1501  雍正王朝
2026-09-29T08:19:21+00:00 INFO    [run=5e04182b4ad147d0a41288ebf1a0b24f phase=speed_test event=progress.updated] 测速  2091/10944 (19%)  有效 527  失败 1564  NewTV惊悚悬疑
2026-09-29T08:19:51+00:00 INFO    [run=5e04182b4ad147d0a41288ebf1a0b24f phase=speed_test event=progress.updated] 测速  2233/10944 (20%)  有效 535  失败 1698  睛彩篮球
2026-09-29T08:20:21+00:00 INFO    [run=5e04182b4ad147d0a41288ebf1a0b24f phase=speed_test event=progress.updated] 测速  2317/10944 (21%)  有效 550  失败 1767  武术世界
2026-09-29T08:20:51+00:00 INFO    [run=5e04182b4ad147d0a41288ebf1a0b24f phase=speed_test event=progress.updated] 测速  2381/10944 (21%)  有效 553  失败 1828  快乐垂钓
2026-09-29T08:21:22+00:00 INFO    [run=5e04182b4ad147d0a41288ebf1a0b24f phase=speed_test event=progress.updated] 测速  2471/10944 (22%)  有效 559  失败 1912  劲爆体育
2026-09-29T08:21:52+00:00 INFO    [run=5e04182b4ad147d0a41288ebf1a0b24f phase=speed_test event=progress.updated] 测速  2532/10944 (23%)  有效 569  失败 1963  天龙八部
2026-09-29T08:22:06+00:00 INFO    [run=5e04182b4ad147d0a41288ebf1a0b24f phase=speed_test event=speed_test.artifacts_written] 测速明细已写入 output/log/speed_test.log，有效结果已写入 output/log/result.log
2026-09-29T08:22:06+00:00 INFO    [run=5e04182b4ad147d0a41288ebf1a0b24f phase=speed_test event=progress.finished] 测速  10944/10944  有效 572  失败 1994
2026-09-29T08:22:07+00:00 INFO    [run=5e04182b4ad147d0a41288ebf1a0b24f phase=output event=output.written] 结果文件生成完成：更新 3 个文件
2026-09-29T08:22:08+00:00 INFO    [run=5e04182b4ad147d0a41288ebf1a0b24f phase=statistics event=statistics.finished] 频道统计完成：测试 2566，有效 572
2026-09-29T08:22:08+00:00 INFO    [run=5e04182b4ad147d0a41288ebf1a0b24f phase=complete event=run.summary] 更新摘要
2026-09-29T08:22:08+00:00 INFO    [run=5e04182b4ad147d0a41288ebf1a0b24f phase=complete event=run.finished] 更新完成！总耗时：18:06
2026-09-30T08:11:21+00:00 INFO    [event=application.started] IPTV-API 版本: 3.0.0 (构建时间: 2026-08-07 11:45:59)
2026-09-30T08:11:21+00:00 INFO    [phase=prepare event=network.ipv6.checking] 🛜 正在检查当前网络是否支持IPv6...
2026-09-30T08:11:21+00:00 WARNING [phase=prepare event=network.ipv6.unsupported] 当前网络不支持IPv6，别担心，IPv6的结果会被保存下来
2026-09-30T08:11:21+00:00 INFO    [run=2c8448dcb2e34f31a14c7aeebb87310d phase=prepare event=run.started] 性能模式: auto → balance，可用资源: 4.0 CPU / 15.61 GB，并发: 测速 8、媒体探测 2、源抓取 8
2026-09-30T08:11:21+00:00 INFO    [run=2c8448dcb2e34f31a14c7aeebb87310d phase=prepare event=channels.catalog_loaded] 频道目录已加载：白名单 0，黑名单 14，台标 21
2026-09-30T08:11:21+00:00 INFO    [run=2c8448dcb2e34f31a14c7aeebb87310d phase=fetch event=sources.subscribe.summary] 订阅源数量：20，订阅白名单数量：0，停用地址数量：0，有效总数量：20
2026-09-30T08:11:21+00:00 INFO    [run=2c8448dcb2e34f31a14c7aeebb87310d phase=fetch event=progress.started] 正在进行获取订阅源  0/20
2026-09-30T08:11:21+00:00 INFO    [run=2c8448dcb2e34f31a14c7aeebb87310d phase=fetch event=sources.epg.summary] EPG源数量：1，EPG白名单数量：0，停用地址数量：0，有效总数量：1
2026-09-30T08:11:21+00:00 INFO    [run=2c8448dcb2e34f31a14c7aeebb87310d phase=fetch event=progress.started] 正在进行获取EPG源  0/1
2026-09-30T08:11:21+00:00 WARNING [run=2c8448dcb2e34f31a14c7aeebb87310d phase=fetch event=request.retrying] 🔄 请求http://e.erw.cc/e.xml.gz失败，正在进行第1次重试...
2026-09-30T08:11:21+00:00 ERROR   [run=2c8448dcb2e34f31a14c7aeebb87310d phase=fetch event=source.parse_failed] http://e.erw.cc/e.xml.gz 出错：❌ 请求http://e.erw.cc/e.xml.gz失败，已达到最大重试次数
2026-09-30T08:11:21+00:00 INFO    [run=2c8448dcb2e34f31a14c7aeebb87310d phase=fetch event=progress.updated] 正在进行获取EPG源  1/1 (100%)  剩余 0
2026-09-30T08:11:21+00:00 INFO    [run=2c8448dcb2e34f31a14c7aeebb87310d phase=fetch event=sources.epg.finished] EPG源: ✅ 有效地址数量：1，⛔ 停用地址数量：0
2026-09-30T08:11:21+00:00 INFO    [run=2c8448dcb2e34f31a14c7aeebb87310d phase=fetch event=progress.finished] 正在进行获取EPG源  1/1  匹配 0 个频道
2026-09-30T08:11:23+00:00 INFO    [run=2c8448dcb2e34f31a14c7aeebb87310d phase=fetch event=progress.updated] 正在进行获取订阅源  1/20 (5%)  剩余 19
2026-09-30T08:11:23+00:00 INFO    [run=2c8448dcb2e34f31a14c7aeebb87310d phase=fetch event=progress.updated] 正在进行获取订阅源  3/20 (15%)  剩余 17
2026-09-30T08:11:23+00:00 INFO    [run=2c8448dcb2e34f31a14c7aeebb87310d phase=fetch event=progress.updated] 正在进行获取订阅源  5/20 (25%)  剩余 15
2026-09-30T08:11:23+00:00 INFO    [run=2c8448dcb2e34f31a14c7aeebb87310d phase=fetch event=progress.updated] 正在进行获取订阅源  7/20 (35%)  剩余 13
2026-09-30T08:11:24+00:00 INFO    [run=2c8448dcb2e34f31a14c7aeebb87310d phase=fetch event=progress.updated] 正在进行获取订阅源  9/20 (45%)  剩余 11
2026-09-30T08:11:24+00:00 INFO    [run=2c8448dcb2e34f31a14c7aeebb87310d phase=fetch event=progress.updated] 正在进行获取订阅源  11/20 (55%)  剩余 9
2026-09-30T08:11:25+00:00 INFO    [run=2c8448dcb2e34f31a14c7aeebb87310d phase=fetch event=progress.updated] 正在进行获取订阅源  13/20 (65%)  剩余 7
2026-09-30T08:11:25+00:00 WARNING [run=2c8448dcb2e34f31a14c7aeebb87310d phase=fetch event=request.retrying] 🔄 请求http://cms.supertv01.com/zhibo/iptv.txt失败，正在进行第1次重试...
2026-09-30T08:11:25+00:00 INFO    [run=2c8448dcb2e34f31a14c7aeebb87310d phase=fetch event=progress.updated] 正在进行获取订阅源  15/20 (75%)  剩余 5
2026-09-30T08:11:26+00:00 WARNING [run=2c8448dcb2e34f31a14c7aeebb87310d phase=fetch event=source.request_failed] 订阅源请求失败：❌ 请求http://cms.supertv01.com/zhibo/iptv.txt失败，已达到最大重试次数
2026-09-30T08:11:26+00:00 INFO    [run=2c8448dcb2e34f31a14c7aeebb87310d phase=fetch event=progress.updated] 正在进行获取订阅源  17/20 (85%)  剩余 3
2026-09-30T08:11:27+00:00 INFO    [run=2c8448dcb2e34f31a14c7aeebb87310d phase=fetch event=progress.updated] 正在进行获取订阅源  19/20 (95%)  剩余 1
2026-09-30T08:11:29+00:00 INFO    [run=2c8448dcb2e34f31a14c7aeebb87310d phase=fetch event=progress.updated] 正在进行获取订阅源  20/20 (100%)  剩余 0
2026-09-30T08:11:29+00:00 INFO    [run=2c8448dcb2e34f31a14c7aeebb87310d phase=fetch event=sources.subscribe.finished] 订阅源: ✅ 有效地址数量：20，⛔ 停用地址数量：0
2026-09-30T08:11:29+00:00 INFO    [run=2c8448dcb2e34f31a14c7aeebb87310d phase=fetch event=progress.finished] 正在进行获取订阅源  20/20  未匹配 10000
2026-09-30T08:13:59+00:00 INFO    [run=2c8448dcb2e34f31a14c7aeebb87310d phase=aggregate event=channels.aggregated] 频道数据聚合完成：477 个频道，26027 个接口（IPv4 23200 / IPv6 2827）
2026-09-30T08:13:59+00:00 INFO    [run=2c8448dcb2e34f31a14c7aeebb87310d phase=speed_test event=speed_test.planned] 总接口数量: 12462, 需要进行测速的接口数量: 10770
2026-09-30T08:13:59+00:00 INFO    [run=2c8448dcb2e34f31a14c7aeebb87310d phase=speed_test event=progress.started] 测速  0/10770
2026-09-30T08:13:59+00:00 INFO    [run=2c8448dcb2e34f31a14c7aeebb87310d phase=speed_test event=progress.updated] 测速  1/10770 (0%)  有效 0  失败 1  CCTV-1
2026-09-30T08:14:30+00:00 INFO    [run=2c8448dcb2e34f31a14c7aeebb87310d phase=speed_test event=progress.updated] 测速  63/10770 (0%)  有效 13  失败 50  CCTV-1
2026-09-30T08:15:00+00:00 INFO    [run=2c8448dcb2e34f31a14c7aeebb87310d phase=speed_test event=progress.updated] 测速  128/10770 (1%)  有效 31  失败 97  CCTV-5+
2026-09-30T08:15:30+00:00 INFO    [run=2c8448dcb2e34f31a14c7aeebb87310d phase=speed_test event=progress.updated] 测速  216/10770 (2%)  有效 66  失败 150  CCTV-11
2026-09-30T08:16:01+00:00 INFO    [run=2c8448dcb2e34f31a14c7aeebb87310d phase=speed_test event=progress.updated] 测速  306/10770 (2%)  有效 108  失败 198  CETV-1
2026-09-30T08:16:32+00:00 INFO    [run=2c8448dcb2e34f31a14c7aeebb87310d phase=speed_test event=progress.updated] 测速  388/10770 (3%)  有效 118  失败 270  CETV-4
2026-09-30T08:17:04+00:00 INFO    [run=2c8448dcb2e34f31a14c7aeebb87310d phase=speed_test event=progress.updated] 测速  463/10770 (4%)  有效 121  失败 342  CETV-4
2026-09-30T08:17:34+00:00 INFO    [run=2c8448dcb2e34f31a14c7aeebb87310d phase=speed_test event=progress.updated] 测速  544/10770 (5%)  有效 130  失败 414  央视台球
2026-09-30T08:18:04+00:00 INFO    [run=2c8448dcb2e34f31a14c7aeebb87310d phase=speed_test event=progress.updated] 测速  628/10770 (5%)  有效 173  失败 455  风云足球
2026-09-30T08:18:34+00:00 INFO    [run=2c8448dcb2e34f31a14c7aeebb87310d phase=speed_test event=progress.updated] 测速  708/10770 (6%)  有效 195  失败 513  CGTN法语
2026-09-30T08:19:05+00:00 INFO    [run=2c8448dcb2e34f31a14c7aeebb87310d phase=speed_test event=progress.updated] 测速  810/10770 (7%)  有效 204  失败 606  江夏新闻综合
2026-09-30T08:19:35+00:00 INFO    [run=2c8448dcb2e34f31a14c7aeebb87310d phase=speed_test event=progress.updated] 测速  914/10770 (8%)  有效 262  失败 652  山西卫视
2026-09-30T08:20:05+00:00 INFO    [run=2c8448dcb2e34f31a14c7aeebb87310d phase=speed_test event=progress.updated] 测速  1028/10770 (9%)  有效 326  失败 702  海南卫视
2026-09-30T08:20:35+00:00 INFO    [run=2c8448dcb2e34f31a14c7aeebb87310d phase=speed_test event=progress.updated] 测速  1131/10770 (10%)  有效 366  失败 765  兵团卫视
2026-09-30T08:21:06+00:00 INFO    [run=2c8448dcb2e34f31a14c7aeebb87310d phase=speed_test event=progress.updated] 测速  1224/10770 (11%)  有效 394  失败 830  凤凰中文
2026-09-30T08:21:36+00:00 INFO    [run=2c8448dcb2e34f31a14c7aeebb87310d phase=speed_test event=progress.updated] 测速  1308/10770 (12%)  有效 402  失败 906  凤凰卫视
2026-09-30T08:22:07+00:00 INFO    [run=2c8448dcb2e34f31a14c7aeebb87310d phase=speed_test event=progress.updated] 测速  1445/10770 (13%)  有效 430  失败 1015  CHC动作电影
2026-09-30T08:22:38+00:00 INFO    [run=2c8448dcb2e34f31a14c7aeebb87310d phase=speed_test event=progress.updated] 测速  1530/10770 (14%)  有效 454  失败 1076  金庸武侠
2026-09-30T08:23:09+00:00 INFO    [run=2c8448dcb2e34f31a14c7aeebb87310d phase=speed_test event=progress.updated] 测速  1595/10770 (14%)  有效 486  失败 1109  法证先锋
2026-09-30T08:23:39+00:00 INFO    [run=2c8448dcb2e34f31a14c7aeebb87310d phase=speed_test event=progress.updated] 测速  1671/10770 (15%)  有效 511  失败 1160  全职高手
2026-09-30T08:24:09+00:00 INFO    [run=2c8448dcb2e34f31a14c7aeebb87310d phase=speed_test event=progress.updated] 测速  1750/10770 (16%)  有效 529  失败 1221  乡村剧专区
2026-09-30T08:24:39+00:00 INFO    [run=2c8448dcb2e34f31a14c7aeebb87310d phase=speed_test event=progress.updated] 测速  1890/10770 (17%)  有效 541  失败 1349  24小时体育
2026-09-30T08:25:09+00:00 INFO    [run=2c8448dcb2e34f31a14c7aeebb87310d phase=speed_test event=progress.updated] 测速  1960/10770 (18%)  有效 549  失败 1411  五星体育
2026-09-30T08:25:39+00:00 INFO    [run=2c8448dcb2e34f31a14c7aeebb87310d phase=speed_test event=progress.updated] 测速  2046/10770 (18%)  有效 567  失败 1479  快乐垂钓
2026-09-30T08:26:10+00:00 INFO    [run=2c8448dcb2e34f31a14c7aeebb87310d phase=speed_test event=progress.updated] 测速  2120/10770 (19%)  有效 568  失败 1552  咪咕直播15
2026-09-30T08:26:40+00:00 INFO    [run=2c8448dcb2e34f31a14c7aeebb87310d phase=speed_test event=progress.updated] 测速  2189/10770 (20%)  有效 580  失败 1609  睛彩羽毛球
2026-09-30T08:27:04+00:00 INFO    [run=2c8448dcb2e34f31a14c7aeebb87310d phase=speed_test event=speed_test.artifacts_written] 测速明细已写入 output/log/speed_test.log，有效结果已写入 output/log/result.log
2026-09-30T08:27:04+00:00 INFO    [run=2c8448dcb2e34f31a14c7aeebb87310d phase=speed_test event=progress.finished] 测速  10770/10770  有效 591  失败 1664
2026-09-30T08:27:05+00:00 INFO    [run=2c8448dcb2e34f31a14c7aeebb87310d phase=output event=output.written] 结果文件生成完成：更新 3 个文件
2026-09-30T08:27:06+00:00 INFO    [run=2c8448dcb2e34f31a14c7aeebb87310d phase=statistics event=statistics.finished] 频道统计完成：测试 2255，有效 591
2026-09-30T08:27:06+00:00 INFO    [run=2c8448dcb2e34f31a14c7aeebb87310d phase=complete event=run.summary] 更新摘要
2026-09-30T08:27:06+00:00 INFO    [run=2c8448dcb2e34f31a14c7aeebb87310d phase=complete event=run.finished] 更新完成！总耗时：15:45
2026-10-01T08:31:56+00:00 INFO    [event=application.started] IPTV-API 版本: 3.0.0 (构建时间: 2026-08-07 11:45:59)
2026-10-01T08:31:56+00:00 INFO    [phase=prepare event=network.ipv6.checking] 🛜 正在检查当前网络是否支持IPv6...
2026-10-01T08:31:56+00:00 WARNING [phase=prepare event=network.ipv6.unsupported] 当前网络不支持IPv6，别担心，IPv6的结果会被保存下来
2026-10-01T08:31:56+00:00 INFO    [run=3c925b8d0fa34be3a50b5fd9f65f76eb phase=prepare event=run.started] 性能模式: auto → balance，可用资源: 4.0 CPU / 15.61 GB，并发: 测速 8、媒体探测 2、源抓取 8
2026-10-01T08:31:56+00:00 INFO    [run=3c925b8d0fa34be3a50b5fd9f65f76eb phase=prepare event=channels.catalog_loaded] 频道目录已加载：白名单 0，黑名单 14，台标 21
2026-10-01T08:31:56+00:00 INFO    [run=3c925b8d0fa34be3a50b5fd9f65f76eb phase=fetch event=sources.subscribe.summary] 订阅源数量：20，订阅白名单数量：0，停用地址数量：0，有效总数量：20
2026-10-01T08:31:56+00:00 INFO    [run=3c925b8d0fa34be3a50b5fd9f65f76eb phase=fetch event=progress.started] 正在进行获取订阅源  0/20
2026-10-01T08:31:56+00:00 INFO    [run=3c925b8d0fa34be3a50b5fd9f65f76eb phase=fetch event=sources.epg.summary] EPG源数量：1，EPG白名单数量：0，停用地址数量：0，有效总数量：1
2026-10-01T08:31:56+00:00 INFO    [run=3c925b8d0fa34be3a50b5fd9f65f76eb phase=fetch event=progress.started] 正在进行获取EPG源  0/1
2026-10-01T08:31:56+00:00 WARNING [run=3c925b8d0fa34be3a50b5fd9f65f76eb phase=fetch event=request.retrying] 🔄 请求http://e.erw.cc/e.xml.gz失败，正在进行第1次重试...
2026-10-01T08:31:56+00:00 ERROR   [run=3c925b8d0fa34be3a50b5fd9f65f76eb phase=fetch event=source.parse_failed] http://e.erw.cc/e.xml.gz 出错：❌ 请求http://e.erw.cc/e.xml.gz失败，已达到最大重试次数
2026-10-01T08:31:56+00:00 INFO    [run=3c925b8d0fa34be3a50b5fd9f65f76eb phase=fetch event=progress.updated] 正在进行获取EPG源  1/1 (100%)  剩余 0
2026-10-01T08:31:56+00:00 INFO    [run=3c925b8d0fa34be3a50b5fd9f65f76eb phase=fetch event=sources.epg.finished] EPG源: ✅ 有效地址数量：1，⛔ 停用地址数量：0
2026-10-01T08:31:56+00:00 INFO    [run=3c925b8d0fa34be3a50b5fd9f65f76eb phase=fetch event=progress.finished] 正在进行获取EPG源  1/1  匹配 0 个频道
2026-10-01T08:31:57+00:00 INFO    [run=3c925b8d0fa34be3a50b5fd9f65f76eb phase=fetch event=progress.updated] 正在进行获取订阅源  1/20 (5%)  剩余 19
2026-10-01T08:31:57+00:00 INFO    [run=3c925b8d0fa34be3a50b5fd9f65f76eb phase=fetch event=progress.updated] 正在进行获取订阅源  3/20 (15%)  剩余 17
2026-10-01T08:31:57+00:00 INFO    [run=3c925b8d0fa34be3a50b5fd9f65f76eb phase=fetch event=progress.updated] 正在进行获取订阅源  5/20 (25%)  剩余 15
2026-10-01T08:31:58+00:00 INFO    [run=3c925b8d0fa34be3a50b5fd9f65f76eb phase=fetch event=progress.updated] 正在进行获取订阅源  7/20 (35%)  剩余 13
2026-10-01T08:31:58+00:00 INFO    [run=3c925b8d0fa34be3a50b5fd9f65f76eb phase=fetch event=progress.updated] 正在进行获取订阅源  9/20 (45%)  剩余 11
2026-10-01T08:31:58+00:00 INFO    [run=3c925b8d0fa34be3a50b5fd9f65f76eb phase=fetch event=progress.updated] 正在进行获取订阅源  11/20 (55%)  剩余 9
2026-10-01T08:31:59+00:00 INFO    [run=3c925b8d0fa34be3a50b5fd9f65f76eb phase=fetch event=progress.updated] 正在进行获取订阅源  13/20 (65%)  剩余 7
2026-10-01T08:31:59+00:00 WARNING [run=3c925b8d0fa34be3a50b5fd9f65f76eb phase=fetch event=request.retrying] 🔄 请求http://cms.supertv01.com/zhibo/iptv.txt失败，正在进行第1次重试...
2026-10-01T08:31:59+00:00 INFO    [run=3c925b8d0fa34be3a50b5fd9f65f76eb phase=fetch event=progress.updated] 正在进行获取订阅源  15/20 (75%)  剩余 5
2026-10-01T08:32:00+00:00 INFO    [run=3c925b8d0fa34be3a50b5fd9f65f76eb phase=fetch event=progress.updated] 正在进行获取订阅源  17/20 (85%)  剩余 3
2026-10-01T08:32:00+00:00 WARNING [run=3c925b8d0fa34be3a50b5fd9f65f76eb phase=fetch event=source.request_failed] 订阅源请求失败：❌ 请求http://cms.supertv01.com/zhibo/iptv.txt失败，已达到最大重试次数
2026-10-01T08:32:01+00:00 INFO    [run=3c925b8d0fa34be3a50b5fd9f65f76eb phase=fetch event=progress.updated] 正在进行获取订阅源  19/20 (95%)  剩余 1
2026-10-01T08:32:01+00:00 INFO    [run=3c925b8d0fa34be3a50b5fd9f65f76eb phase=fetch event=progress.updated] 正在进行获取订阅源  20/20 (100%)  剩余 0
2026-10-01T08:32:01+00:00 INFO    [run=3c925b8d0fa34be3a50b5fd9f65f76eb phase=fetch event=sources.subscribe.finished] 订阅源: ✅ 有效地址数量：20，⛔ 停用地址数量：0
2026-10-01T08:32:01+00:00 INFO    [run=3c925b8d0fa34be3a50b5fd9f65f76eb phase=fetch event=progress.finished] 正在进行获取订阅源  20/20  未匹配 10000
2026-10-01T08:34:29+00:00 INFO    [run=3c925b8d0fa34be3a50b5fd9f65f76eb phase=aggregate event=channels.aggregated] 频道数据聚合完成：477 个频道，25315 个接口（IPv4 23873 / IPv6 1442）
2026-10-01T08:34:29+00:00 INFO    [run=3c925b8d0fa34be3a50b5fd9f65f76eb phase=speed_test event=speed_test.planned] 总接口数量: 11873, 需要进行测速的接口数量: 11074
2026-10-01T08:34:29+00:00 INFO    [run=3c925b8d0fa34be3a50b5fd9f65f76eb phase=speed_test event=progress.started] 测速  0/11074
2026-10-01T08:34:30+00:00 INFO    [run=3c925b8d0fa34be3a50b5fd9f65f76eb phase=speed_test event=progress.updated] 测速  1/11074 (0%)  有效 0  失败 1  CCTV-1
2026-10-01T08:35:00+00:00 INFO    [run=3c925b8d0fa34be3a50b5fd9f65f76eb phase=speed_test event=progress.updated] 测速  89/11074 (0%)  有效 28  失败 61  CCTV-5
2026-10-01T08:35:31+00:00 INFO    [run=3c925b8d0fa34be3a50b5fd9f65f76eb phase=speed_test event=progress.updated] 测速  141/11074 (1%)  有效 35  失败 106  CCTV-5+
2026-10-01T08:36:01+00:00 INFO    [run=3c925b8d0fa34be3a50b5fd9f65f76eb phase=speed_test event=progress.updated] 测速  200/11074 (1%)  有效 36  失败 164  CCTV-5+
2026-10-01T08:36:33+00:00 INFO    [run=3c925b8d0fa34be3a50b5fd9f65f76eb phase=speed_test event=progress.updated] 测速  321/11074 (2%)  有效 110  失败 211  CCTV-17
2026-10-01T08:37:03+00:00 INFO    [run=3c925b8d0fa34be3a50b5fd9f65f76eb phase=speed_test event=progress.updated] 测速  388/11074 (3%)  有效 114  失败 274  CETV-2
2026-10-01T08:37:33+00:00 INFO    [run=3c925b8d0fa34be3a50b5fd9f65f76eb phase=speed_test event=progress.updated] 测速  452/11074 (4%)  有效 120  失败 332  CETV-4
2026-10-01T08:38:04+00:00 INFO    [run=3c925b8d0fa34be3a50b5fd9f65f76eb phase=speed_test event=progress.updated] 测速  511/11074 (4%)  有效 120  失败 391  CCTV4欧洲
2026-10-01T08:38:34+00:00 INFO    [run=3c925b8d0fa34be3a50b5fd9f65f76eb phase=speed_test event=progress.updated] 测速  584/11074 (5%)  有效 138  失败 446  第一剧场
2026-10-01T08:39:04+00:00 INFO    [run=3c925b8d0fa34be3a50b5fd9f65f76eb phase=speed_test event=progress.updated] 测速  655/11074 (5%)  有效 169  失败 486  风云足球
2026-10-01T08:39:35+00:00 INFO    [run=3c925b8d0fa34be3a50b5fd9f65f76eb phase=speed_test event=progress.updated] 测速  735/11074 (6%)  有效 193  失败 542  CGTN法语
2026-10-01T08:40:05+00:00 INFO    [run=3c925b8d0fa34be3a50b5fd9f65f76eb phase=speed_test event=progress.updated] 测速  814/11074 (7%)  有效 201  失败 613  湖北经视
2026-10-01T08:40:37+00:00 INFO    [run=3c925b8d0fa34be3a50b5fd9f65f76eb phase=speed_test event=progress.updated] 测速  908/11074 (8%)  有效 214  失败 694  北京卫视
2026-10-01T08:41:07+00:00 INFO    [run=3c925b8d0fa34be3a50b5fd9f65f76eb phase=speed_test event=progress.updated] 测速  1012/11074 (9%)  有效 268  失败 744  河南卫视
2026-10-01T08:41:37+00:00 INFO    [run=3c925b8d0fa34be3a50b5fd9f65f76eb phase=speed_test event=progress.updated] 测速  1092/11074 (9%)  有效 299  失败 793  湖北卫视
2026-10-01T08:42:07+00:00 INFO    [run=3c925b8d0fa34be3a50b5fd9f65f76eb phase=speed_test event=progress.updated] 测速  1146/11074 (10%)  有效 299  失败 847  湖北卫视
2026-10-01T08:42:38+00:00 INFO    [run=3c925b8d0fa34be3a50b5fd9f65f76eb phase=speed_test event=progress.updated] 测速  1250/11074 (11%)  有效 358  失败 892  西藏卫视
2026-10-01T08:43:08+00:00 INFO    [run=3c925b8d0fa34be3a50b5fd9f65f76eb phase=speed_test event=progress.updated] 测速  1320/11074 (11%)  有效 364  失败 956  兵团卫视
2026-10-01T08:43:38+00:00 INFO    [run=3c925b8d0fa34be3a50b5fd9f65f76eb phase=speed_test event=progress.updated] 测速  1395/11074 (12%)  有效 385  失败 1010  内蒙古卫视
2026-10-01T08:44:09+00:00 INFO    [run=3c925b8d0fa34be3a50b5fd9f65f76eb phase=speed_test event=progress.updated] 测速  1478/11074 (13%)  有效 396  失败 1082  凤凰资讯
2026-10-01T08:44:39+00:00 INFO    [run=3c925b8d0fa34be3a50b5fd9f65f76eb phase=speed_test event=progress.updated] 测速  1572/11074 (14%)  有效 406  失败 1166  无线新闻
2026-10-01T08:45:09+00:00 INFO    [run=3c925b8d0fa34be3a50b5fd9f65f76eb phase=speed_test event=progress.updated] 测速  1674/11074 (15%)  有效 430  失败 1244  王晶
2026-10-01T08:45:40+00:00 INFO    [run=3c925b8d0fa34be3a50b5fd9f65f76eb phase=speed_test event=progress.updated] 测速  1757/11074 (15%)  有效 462  失败 1295  高分动作
2026-10-01T08:46:10+00:00 INFO    [run=3c925b8d0fa34be3a50b5fd9f65f76eb phase=speed_test event=progress.updated] 测速  1823/11074 (16%)  有效 502  失败 1321  法证先锋
2026-10-01T08:46:40+00:00 INFO    [run=3c925b8d0fa34be3a50b5fd9f65f76eb phase=speed_test event=progress.updated] 测速  1896/11074 (17%)  有效 524  失败 1372  炊事班的
2026-10-01T08:47:11+00:00 INFO    [run=3c925b8d0fa34be3a50b5fd9f65f76eb phase=speed_test event=progress.updated] 测速  1969/11074 (17%)  有效 541  失败 1428  淘剧场
2026-10-01T08:47:41+00:00 INFO    [run=3c925b8d0fa34be3a50b5fd9f65f76eb phase=speed_test event=progress.updated] 测速  2113/11074 (19%)  有效 551  失败 1562  睛彩篮球
2026-10-01T08:48:11+00:00 INFO    [run=3c925b8d0fa34be3a50b5fd9f65f76eb phase=speed_test event=progress.updated] 测速  2183/11074 (19%)  有效 557  失败 1626  睛彩竞技
2026-10-01T08:48:42+00:00 INFO    [run=3c925b8d0fa34be3a50b5fd9f65f76eb phase=speed_test event=progress.updated] 测速  2257/11074 (20%)  有效 560  失败 1697  武术世界
2026-10-01T08:49:12+00:00 INFO    [run=3c925b8d0fa34be3a50b5fd9f65f76eb phase=speed_test event=progress.updated] 测速  2317/11074 (20%)  有效 563  失败 1754  快乐垂钓
2026-10-01T08:49:47+00:00 INFO    [run=3c925b8d0fa34be3a50b5fd9f65f76eb phase=speed_test event=progress.updated] 测速  2355/11074 (21%)  有效 563  失败 1792  咪咕直播17
2026-10-01T08:50:17+00:00 INFO    [run=3c925b8d0fa34be3a50b5fd9f65f76eb phase=speed_test event=progress.updated] 测速  2409/11074 (21%)  有效 575  失败 1834  福建体育
2026-10-01T08:50:47+00:00 INFO    [run=3c925b8d0fa34be3a50b5fd9f65f76eb phase=speed_test event=speed_test.artifacts_written] 测速明细已写入 output/log/speed_test.log，有效结果已写入 output/log/result.log
2026-10-01T08:50:47+00:00 INFO    [run=3c925b8d0fa34be3a50b5fd9f65f76eb phase=speed_test event=progress.finished] 测速  11074/11074  有效 584  失败 1901
2026-10-01T08:50:48+00:00 INFO    [run=3c925b8d0fa34be3a50b5fd9f65f76eb phase=output event=output.written] 结果文件生成完成：更新 3 个文件
2026-10-01T08:50:50+00:00 INFO    [run=3c925b8d0fa34be3a50b5fd9f65f76eb phase=statistics event=statistics.finished] 频道统计完成：测试 2485，有效 584
2026-10-01T08:50:50+00:00 INFO    [run=3c925b8d0fa34be3a50b5fd9f65f76eb phase=complete event=run.summary] 更新摘要
2026-10-01T08:50:50+00:00 INFO    [run=3c925b8d0fa34be3a50b5fd9f65f76eb phase=complete event=run.finished] 更新完成！总耗时：18:54
2026-10-02T08:07:31+00:00 INFO    [event=application.started] IPTV-API 版本: 3.0.0 (构建时间: 2026-08-07 11:45:59)
2026-10-02T08:07:31+00:00 INFO    [phase=prepare event=network.ipv6.checking] 🛜 正在检查当前网络是否支持IPv6...
2026-10-02T08:07:31+00:00 WARNING [phase=prepare event=network.ipv6.unsupported] 当前网络不支持IPv6，别担心，IPv6的结果会被保存下来
2026-10-02T08:07:31+00:00 INFO    [run=b33da8e591bc446fbc1dc2a7d0fb8b61 phase=prepare event=run.started] 性能模式: auto → balance，可用资源: 4.0 CPU / 15.61 GB，并发: 测速 8、媒体探测 2、源抓取 8
2026-10-02T08:07:31+00:00 INFO    [run=b33da8e591bc446fbc1dc2a7d0fb8b61 phase=prepare event=channels.catalog_loaded] 频道目录已加载：白名单 0，黑名单 14，台标 21
2026-10-02T08:07:31+00:00 INFO    [run=b33da8e591bc446fbc1dc2a7d0fb8b61 phase=fetch event=sources.subscribe.summary] 订阅源数量：20，订阅白名单数量：0，停用地址数量：0，有效总数量：20
2026-10-02T08:07:31+00:00 INFO    [run=b33da8e591bc446fbc1dc2a7d0fb8b61 phase=fetch event=progress.started] 正在进行获取订阅源  0/20
2026-10-02T08:07:31+00:00 INFO    [run=b33da8e591bc446fbc1dc2a7d0fb8b61 phase=fetch event=sources.epg.summary] EPG源数量：1，EPG白名单数量：0，停用地址数量：0，有效总数量：1
2026-10-02T08:07:31+00:00 INFO    [run=b33da8e591bc446fbc1dc2a7d0fb8b61 phase=fetch event=progress.started] 正在进行获取EPG源  0/1
2026-10-02T08:07:32+00:00 WARNING [run=b33da8e591bc446fbc1dc2a7d0fb8b61 phase=fetch event=request.retrying] 🔄 请求http://e.erw.cc/e.xml.gz失败，正在进行第1次重试...
2026-10-02T08:07:32+00:00 ERROR   [run=b33da8e591bc446fbc1dc2a7d0fb8b61 phase=fetch event=source.parse_failed] http://e.erw.cc/e.xml.gz 出错：❌ 请求http://e.erw.cc/e.xml.gz失败，已达到最大重试次数
2026-10-02T08:07:32+00:00 INFO    [run=b33da8e591bc446fbc1dc2a7d0fb8b61 phase=fetch event=progress.updated] 正在进行获取EPG源  1/1 (100%)  剩余 0
2026-10-02T08:07:32+00:00 INFO    [run=b33da8e591bc446fbc1dc2a7d0fb8b61 phase=fetch event=sources.epg.finished] EPG源: ✅ 有效地址数量：1，⛔ 停用地址数量：0
2026-10-02T08:07:32+00:00 INFO    [run=b33da8e591bc446fbc1dc2a7d0fb8b61 phase=fetch event=progress.finished] 正在进行获取EPG源  1/1  匹配 0 个频道
2026-10-02T08:07:33+00:00 INFO    [run=b33da8e591bc446fbc1dc2a7d0fb8b61 phase=fetch event=progress.updated] 正在进行获取订阅源  1/20 (5%)  剩余 19
2026-10-02T08:07:33+00:00 INFO    [run=b33da8e591bc446fbc1dc2a7d0fb8b61 phase=fetch event=progress.updated] 正在进行获取订阅源  3/20 (15%)  剩余 17
2026-10-02T08:07:33+00:00 INFO    [run=b33da8e591bc446fbc1dc2a7d0fb8b61 phase=fetch event=progress.updated] 正在进行获取订阅源  5/20 (25%)  剩余 15
2026-10-02T08:07:33+00:00 INFO    [run=b33da8e591bc446fbc1dc2a7d0fb8b61 phase=fetch event=progress.updated] 正在进行获取订阅源  7/20 (35%)  剩余 13
2026-10-02T08:07:34+00:00 INFO    [run=b33da8e591bc446fbc1dc2a7d0fb8b61 phase=fetch event=progress.updated] 正在进行获取订阅源  9/20 (45%)  剩余 11
2026-10-02T08:07:34+00:00 INFO    [run=b33da8e591bc446fbc1dc2a7d0fb8b61 phase=fetch event=progress.updated] 正在进行获取订阅源  11/20 (55%)  剩余 9
2026-10-02T08:07:34+00:00 INFO    [run=b33da8e591bc446fbc1dc2a7d0fb8b61 phase=fetch event=progress.updated] 正在进行获取订阅源  13/20 (65%)  剩余 7
2026-10-02T08:07:35+00:00 INFO    [run=b33da8e591bc446fbc1dc2a7d0fb8b61 phase=fetch event=progress.updated] 正在进行获取订阅源  15/20 (75%)  剩余 5
2026-10-02T08:07:35+00:00 WARNING [run=b33da8e591bc446fbc1dc2a7d0fb8b61 phase=fetch event=request.retrying] 🔄 请求http://cms.supertv01.com/zhibo/iptv.txt失败，正在进行第1次重试...
2026-10-02T08:07:36+00:00 INFO    [run=b33da8e591bc446fbc1dc2a7d0fb8b61 phase=fetch event=progress.updated] 正在进行获取订阅源  17/20 (85%)  剩余 3
2026-10-02T08:07:36+00:00 WARNING [run=b33da8e591bc446fbc1dc2a7d0fb8b61 phase=fetch event=source.request_failed] 订阅源请求失败：❌ 请求http://cms.supertv01.com/zhibo/iptv.txt失败，已达到最大重试次数
2026-10-02T08:07:36+00:00 INFO    [run=b33da8e591bc446fbc1dc2a7d0fb8b61 phase=fetch event=progress.updated] 正在进行获取订阅源  19/20 (95%)  剩余 1
2026-10-02T08:07:37+00:00 INFO    [run=b33da8e591bc446fbc1dc2a7d0fb8b61 phase=fetch event=progress.updated] 正在进行获取订阅源  20/20 (100%)  剩余 0
2026-10-02T08:07:37+00:00 INFO    [run=b33da8e591bc446fbc1dc2a7d0fb8b61 phase=fetch event=sources.subscribe.finished] 订阅源: ✅ 有效地址数量：20，⛔ 停用地址数量：0
2026-10-02T08:07:37+00:00 INFO    [run=b33da8e591bc446fbc1dc2a7d0fb8b61 phase=fetch event=progress.finished] 正在进行获取订阅源  20/20  未匹配 10000
2026-10-02T08:09:48+00:00 INFO    [run=b33da8e591bc446fbc1dc2a7d0fb8b61 phase=aggregate event=channels.aggregated] 频道数据聚合完成：477 个频道，26505 个接口（IPv4 23934 / IPv6 2571）
2026-10-02T08:09:49+00:00 INFO    [run=b33da8e591bc446fbc1dc2a7d0fb8b61 phase=speed_test event=speed_test.planned] 总接口数量: 12656, 需要进行测速的接口数量: 11114
2026-10-02T08:09:49+00:00 INFO    [run=b33da8e591bc446fbc1dc2a7d0fb8b61 phase=speed_test event=progress.started] 测速  0/11114
2026-10-02T08:09:49+00:00 INFO    [run=b33da8e591bc446fbc1dc2a7d0fb8b61 phase=speed_test event=progress.updated] 测速  1/11114 (0%)  有效 0  失败 1  CCTV-1
2026-10-02T08:10:19+00:00 INFO    [run=b33da8e591bc446fbc1dc2a7d0fb8b61 phase=speed_test event=progress.updated] 测速  90/11114 (0%)  有效 34  失败 56  CCTV-5+
2026-10-02T08:10:49+00:00 INFO    [run=b33da8e591bc446fbc1dc2a7d0fb8b61 phase=speed_test event=progress.updated] 测速  151/11114 (1%)  有效 34  失败 117  CCTV-5+
2026-10-02T08:11:20+00:00 INFO    [run=b33da8e591bc446fbc1dc2a7d0fb8b61 phase=speed_test event=progress.updated] 测速  220/11114 (1%)  有效 48  失败 172  CCTV-5+
2026-10-02T08:11:50+00:00 INFO    [run=b33da8e591bc446fbc1dc2a7d0fb8b61 phase=speed_test event=progress.updated] 测速  311/11114 (2%)  有效 99  失败 212  CCTV-17
2026-10-02T08:12:20+00:00 INFO    [run=b33da8e591bc446fbc1dc2a7d0fb8b61 phase=speed_test event=progress.updated] 测速  379/11114 (3%)  有效 107  失败 272  CETV-2
2026-10-02T08:12:50+00:00 INFO    [run=b33da8e591bc446fbc1dc2a7d0fb8b61 phase=speed_test event=progress.updated] 测速  448/11114 (4%)  有效 113  失败 335  CETV-4
2026-10-02T08:13:21+00:00 INFO    [run=b33da8e591bc446fbc1dc2a7d0fb8b61 phase=speed_test event=progress.updated] 测速  514/11114 (4%)  有效 113  失败 401  CCTV4美洲
2026-10-02T08:13:53+00:00 INFO    [run=b33da8e591bc446fbc1dc2a7d0fb8b61 phase=speed_test event=progress.updated] 测速  600/11114 (5%)  有效 159  失败 441  高尔夫网球
2026-10-02T08:14:23+00:00 INFO    [run=b33da8e591bc446fbc1dc2a7d0fb8b61 phase=speed_test event=progress.updated] 测速  686/11114 (6%)  有效 187  失败 499  CGTN阿语
2026-10-02T08:14:54+00:00 INFO    [run=b33da8e591bc446fbc1dc2a7d0fb8b61 phase=speed_test event=progress.updated] 测速  746/11114 (6%)  有效 187  失败 559  CGTN法语
2026-10-02T08:15:24+00:00 INFO    [run=b33da8e591bc446fbc1dc2a7d0fb8b61 phase=speed_test event=progress.updated] 测速  847/11114 (7%)  有效 195  失败 652  浙江卫视
2026-10-02T08:15:55+00:00 INFO    [run=b33da8e591bc446fbc1dc2a7d0fb8b61 phase=speed_test event=progress.updated] 测速  979/11114 (8%)  有效 288  失败 691  湖北卫视
2026-10-02T08:16:25+00:00 INFO    [run=b33da8e591bc446fbc1dc2a7d0fb8b61 phase=speed_test event=progress.updated] 测速  1093/11114 (9%)  有效 352  失败 741  兵团卫视
2026-10-02T08:16:55+00:00 INFO    [run=b33da8e591bc446fbc1dc2a7d0fb8b61 phase=speed_test event=progress.updated] 测速  1162/11114 (10%)  有效 360  失败 802  黑龙江卫视
2026-10-02T08:17:25+00:00 INFO    [run=b33da8e591bc446fbc1dc2a7d0fb8b61 phase=speed_test event=progress.updated] 测速  1240/11114 (11%)  有效 379  失败 861  翡翠台
2026-10-02T08:17:55+00:00 INFO    [run=b33da8e591bc446fbc1dc2a7d0fb8b61 phase=speed_test event=progress.updated] 测速  1318/11114 (11%)  有效 391  失败 927  凤凰香港
2026-10-02T08:18:25+00:00 INFO    [run=b33da8e591bc446fbc1dc2a7d0fb8b61 phase=speed_test event=progress.updated] 测速  1428/11114 (12%)  有效 410  失败 1018  靖天资讯
2026-10-02T08:18:56+00:00 INFO    [run=b33da8e591bc446fbc1dc2a7d0fb8b61 phase=speed_test event=progress.updated] 测速  1520/11114 (13%)  有效 445  失败 1075  鹿鼎记
2026-10-02T08:19:26+00:00 INFO    [run=b33da8e591bc446fbc1dc2a7d0fb8b61 phase=speed_test event=progress.updated] 测速  1587/11114 (14%)  有效 479  失败 1108  喜剧专场
2026-10-02T08:19:56+00:00 INFO    [run=b33da8e591bc446fbc1dc2a7d0fb8b61 phase=speed_test event=progress.updated] 测速  1647/11114 (14%)  有效 505  失败 1142  新楚留香
2026-10-02T08:20:26+00:00 INFO    [run=b33da8e591bc446fbc1dc2a7d0fb8b61 phase=speed_test event=progress.updated] 测速  1724/11114 (15%)  有效 528  失败 1196  电视剧三
2026-10-02T08:20:56+00:00 INFO    [run=b33da8e591bc446fbc1dc2a7d0fb8b61 phase=speed_test event=progress.updated] 测速  1793/11114 (16%)  有效 540  失败 1253  黑莓电影
2026-10-02T08:21:26+00:00 INFO    [run=b33da8e591bc446fbc1dc2a7d0fb8b61 phase=speed_test event=progress.updated] 测速  1925/11114 (17%)  有效 546  失败 1379  睛彩篮球
2026-10-02T08:21:57+00:00 INFO    [run=b33da8e591bc446fbc1dc2a7d0fb8b61 phase=speed_test event=progress.updated] 测速  1998/11114 (17%)  有效 559  失败 1439  广东体育
2026-10-02T08:22:27+00:00 INFO    [run=b33da8e591bc446fbc1dc2a7d0fb8b61 phase=speed_test event=progress.updated] 测速  2067/11114 (18%)  有效 564  失败 1503  快乐垂钓
2026-10-02T08:22:58+00:00 INFO    [run=b33da8e591bc446fbc1dc2a7d0fb8b61 phase=speed_test event=progress.updated] 测速  2125/11114 (19%)  有效 566  失败 1559  JSPORTS1
2026-10-02T08:23:28+00:00 INFO    [run=b33da8e591bc446fbc1dc2a7d0fb8b61 phase=speed_test event=progress.updated] 测速  2149/11114 (19%)  有效 566  失败 1583  咪咕直播24
2026-10-02T08:23:59+00:00 INFO    [run=b33da8e591bc446fbc1dc2a7d0fb8b61 phase=speed_test event=progress.updated] 测速  2204/11114 (19%)  有效 581  失败 1623  睛彩羽毛球
2026-10-02T08:24:23+00:00 INFO    [run=b33da8e591bc446fbc1dc2a7d0fb8b61 phase=speed_test event=speed_test.artifacts_written] 测速明细已写入 output/log/speed_test.log，有效结果已写入 output/log/result.log
2026-10-02T08:24:23+00:00 INFO    [run=b33da8e591bc446fbc1dc2a7d0fb8b61 phase=speed_test event=progress.finished] 测速  11114/11114  有效 592  失败 1678
2026-10-02T08:24:24+00:00 INFO    [run=b33da8e591bc446fbc1dc2a7d0fb8b61 phase=output event=output.written] 结果文件生成完成：更新 3 个文件
2026-10-02T08:24:25+00:00 INFO    [run=b33da8e591bc446fbc1dc2a7d0fb8b61 phase=statistics event=statistics.finished] 频道统计完成：测试 2270，有效 592
2026-10-02T08:24:25+00:00 INFO    [run=b33da8e591bc446fbc1dc2a7d0fb8b61 phase=complete event=run.summary] 更新摘要
2026-10-02T08:24:25+00:00 INFO    [run=b33da8e591bc446fbc1dc2a7d0fb8b61 phase=complete event=run.finished] 更新完成！总耗时：16:53
2026-10-03T07:47:04+00:00 INFO    [event=application.started] IPTV-API 版本: 3.0.0 (构建时间: 2026-08-07 11:45:59)
2026-10-03T07:47:05+00:00 INFO    [phase=prepare event=network.ipv6.checking] 🛜 正在检查当前网络是否支持IPv6...
2026-10-03T07:47:05+00:00 WARNING [phase=prepare event=network.ipv6.unsupported] 当前网络不支持IPv6，别担心，IPv6的结果会被保存下来
2026-10-03T07:47:05+00:00 INFO    [run=5179345ba8b246778cc09beb92ef8cb9 phase=prepare event=run.started] 性能模式: auto → balance，可用资源: 4.0 CPU / 15.61 GB，并发: 测速 8、媒体探测 2、源抓取 8
2026-10-03T07:47:05+00:00 INFO    [run=5179345ba8b246778cc09beb92ef8cb9 phase=prepare event=channels.catalog_loaded] 频道目录已加载：白名单 0，黑名单 14，台标 21
2026-10-03T07:47:05+00:00 INFO    [run=5179345ba8b246778cc09beb92ef8cb9 phase=fetch event=sources.subscribe.summary] 订阅源数量：20，订阅白名单数量：0，停用地址数量：0，有效总数量：20
2026-10-03T07:47:05+00:00 INFO    [run=5179345ba8b246778cc09beb92ef8cb9 phase=fetch event=progress.started] 正在进行获取订阅源  0/20
2026-10-03T07:47:05+00:00 INFO    [run=5179345ba8b246778cc09beb92ef8cb9 phase=fetch event=sources.epg.summary] EPG源数量：1，EPG白名单数量：0，停用地址数量：0，有效总数量：1
2026-10-03T07:47:05+00:00 INFO    [run=5179345ba8b246778cc09beb92ef8cb9 phase=fetch event=progress.started] 正在进行获取EPG源  0/1
2026-10-03T07:47:05+00:00 WARNING [run=5179345ba8b246778cc09beb92ef8cb9 phase=fetch event=request.retrying] 🔄 请求http://e.erw.cc/e.xml.gz失败，正在进行第1次重试...
2026-10-03T07:47:05+00:00 ERROR   [run=5179345ba8b246778cc09beb92ef8cb9 phase=fetch event=source.parse_failed] http://e.erw.cc/e.xml.gz 出错：❌ 请求http://e.erw.cc/e.xml.gz失败，已达到最大重试次数
2026-10-03T07:47:05+00:00 INFO    [run=5179345ba8b246778cc09beb92ef8cb9 phase=fetch event=progress.updated] 正在进行获取EPG源  1/1 (100%)  剩余 0
2026-10-03T07:47:05+00:00 INFO    [run=5179345ba8b246778cc09beb92ef8cb9 phase=fetch event=sources.epg.finished] EPG源: ✅ 有效地址数量：1，⛔ 停用地址数量：0
2026-10-03T07:47:05+00:00 INFO    [run=5179345ba8b246778cc09beb92ef8cb9 phase=fetch event=progress.finished] 正在进行获取EPG源  1/1  匹配 0 个频道
2026-10-03T07:47:06+00:00 INFO    [run=5179345ba8b246778cc09beb92ef8cb9 phase=fetch event=progress.updated] 正在进行获取订阅源  1/20 (5%)  剩余 19
2026-10-03T07:47:06+00:00 INFO    [run=5179345ba8b246778cc09beb92ef8cb9 phase=fetch event=progress.updated] 正在进行获取订阅源  3/20 (15%)  剩余 17
2026-10-03T07:47:07+00:00 INFO    [run=5179345ba8b246778cc09beb92ef8cb9 phase=fetch event=progress.updated] 正在进行获取订阅源  5/20 (25%)  剩余 15
2026-10-03T07:47:07+00:00 INFO    [run=5179345ba8b246778cc09beb92ef8cb9 phase=fetch event=progress.updated] 正在进行获取订阅源  7/20 (35%)  剩余 13
2026-10-03T07:47:07+00:00 INFO    [run=5179345ba8b246778cc09beb92ef8cb9 phase=fetch event=progress.updated] 正在进行获取订阅源  9/20 (45%)  剩余 11
2026-10-03T07:47:08+00:00 INFO    [run=5179345ba8b246778cc09beb92ef8cb9 phase=fetch event=progress.updated] 正在进行获取订阅源  11/20 (55%)  剩余 9
2026-10-03T07:47:08+00:00 INFO    [run=5179345ba8b246778cc09beb92ef8cb9 phase=fetch event=progress.updated] 正在进行获取订阅源  13/20 (65%)  剩余 7
2026-10-03T07:47:08+00:00 WARNING [run=5179345ba8b246778cc09beb92ef8cb9 phase=fetch event=request.retrying] 🔄 请求http://cms.supertv01.com/zhibo/iptv.txt失败，正在进行第1次重试...
2026-10-03T07:47:08+00:00 INFO    [run=5179345ba8b246778cc09beb92ef8cb9 phase=fetch event=progress.updated] 正在进行获取订阅源  15/20 (75%)  剩余 5
2026-10-03T07:47:09+00:00 WARNING [run=5179345ba8b246778cc09beb92ef8cb9 phase=fetch event=source.request_failed] 订阅源请求失败：❌ 请求http://cms.supertv01.com/zhibo/iptv.txt失败，已达到最大重试次数
2026-10-03T07:47:09+00:00 INFO    [run=5179345ba8b246778cc09beb92ef8cb9 phase=fetch event=progress.updated] 正在进行获取订阅源  17/20 (85%)  剩余 3
2026-10-03T07:47:10+00:00 INFO    [run=5179345ba8b246778cc09beb92ef8cb9 phase=fetch event=progress.updated] 正在进行获取订阅源  19/20 (95%)  剩余 1
2026-10-03T07:47:19+00:00 WARNING [run=5179345ba8b246778cc09beb92ef8cb9 phase=fetch event=request.retrying] 🔄 请求https://www.cttv.vip/ys/json/ctzb.txt失败，正在进行第1次重试...
2026-10-03T07:47:31+00:00 WARNING [run=5179345ba8b246778cc09beb92ef8cb9 phase=fetch event=source.request_failed] 订阅源请求失败：❌ 请求https://www.cttv.vip/ys/json/ctzb.txt失败，已达到最大重试次数
2026-10-03T07:47:31+00:00 INFO    [run=5179345ba8b246778cc09beb92ef8cb9 phase=fetch event=progress.updated] 正在进行获取订阅源  20/20 (100%)  剩余 0
2026-10-03T07:47:31+00:00 INFO    [run=5179345ba8b246778cc09beb92ef8cb9 phase=fetch event=sources.subscribe.finished] 订阅源: ✅ 有效地址数量：20，⛔ 停用地址数量：0
2026-10-03T07:47:31+00:00 INFO    [run=5179345ba8b246778cc09beb92ef8cb9 phase=fetch event=progress.finished] 正在进行获取订阅源  20/20  未匹配 10000
2026-10-03T07:49:46+00:00 INFO    [run=5179345ba8b246778cc09beb92ef8cb9 phase=aggregate event=channels.aggregated] 频道数据聚合完成：477 个频道，23947 个接口（IPv4 22688 / IPv6 1259）
2026-10-03T07:49:46+00:00 INFO    [run=5179345ba8b246778cc09beb92ef8cb9 phase=speed_test event=speed_test.planned] 总接口数量: 11234, 需要进行测速的接口数量: 10522
2026-10-03T07:49:46+00:00 INFO    [run=5179345ba8b246778cc09beb92ef8cb9 phase=speed_test event=progress.started] 测速  0/10522
2026-10-03T07:49:47+00:00 INFO    [run=5179345ba8b246778cc09beb92ef8cb9 phase=speed_test event=progress.updated] 测速  1/10522 (0%)  有效 1  失败 0  CCTV-1
2026-10-03T07:50:17+00:00 INFO    [run=5179345ba8b246778cc09beb92ef8cb9 phase=speed_test event=progress.updated] 测速  57/10522 (0%)  有效 12  失败 45  CCTV-2
2026-10-03T07:50:48+00:00 INFO    [run=5179345ba8b246778cc09beb92ef8cb9 phase=speed_test event=progress.updated] 测速  150/10522 (1%)  有效 51  失败 99  CCTV-7
2026-10-03T07:51:18+00:00 INFO    [run=5179345ba8b246778cc09beb92ef8cb9 phase=speed_test event=progress.updated] 测速  208/10522 (1%)  有效 59  失败 149  CCTV-9
2026-10-03T07:51:49+00:00 INFO    [run=5179345ba8b246778cc09beb92ef8cb9 phase=speed_test event=progress.updated] 测速  286/10522 (2%)  有效 83  失败 203  CCTV-12
2026-10-03T07:52:19+00:00 INFO    [run=5179345ba8b246778cc09beb92ef8cb9 phase=speed_test event=progress.updated] 测速  380/10522 (3%)  有效 113  失败 267  CETV-2
2026-10-03T07:52:50+00:00 INFO    [run=5179345ba8b246778cc09beb92ef8cb9 phase=speed_test event=progress.updated] 测速  453/10522 (4%)  有效 119  失败 334  CETV-4
2026-10-03T07:53:21+00:00 INFO    [run=5179345ba8b246778cc09beb92ef8cb9 phase=speed_test event=progress.updated] 测速  515/10522 (4%)  有效 120  失败 395  CCTV4美洲
2026-10-03T07:53:52+00:00 INFO    [run=5179345ba8b246778cc09beb92ef8cb9 phase=speed_test event=progress.updated] 测速  581/10522 (5%)  有效 129  失败 452  央视台球
2026-10-03T07:54:22+00:00 INFO    [run=5179345ba8b246778cc09beb92ef8cb9 phase=speed_test event=progress.updated] 测速  673/10522 (6%)  有效 177  失败 496  风云足球
2026-10-03T07:54:53+00:00 INFO    [run=5179345ba8b246778cc09beb92ef8cb9 phase=speed_test event=progress.updated] 测速  751/10522 (7%)  有效 194  失败 557  CGTN法语
2026-10-03T07:55:23+00:00 INFO    [run=5179345ba8b246778cc09beb92ef8cb9 phase=speed_test event=progress.updated] 测速  855/10522 (8%)  有效 204  失败 651  十堰新闻
2026-10-03T07:55:54+00:00 INFO    [run=5179345ba8b246778cc09beb92ef8cb9 phase=speed_test event=progress.updated] 测速  948/10522 (9%)  有效 250  失败 698  江苏卫视
2026-10-03T07:56:24+00:00 INFO    [run=5179345ba8b246778cc09beb92ef8cb9 phase=speed_test event=progress.updated] 测速  1043/10522 (9%)  有效 290  失败 753  重庆卫视
2026-10-03T07:56:54+00:00 INFO    [run=5179345ba8b246778cc09beb92ef8cb9 phase=speed_test event=progress.updated] 测速  1136/10522 (10%)  有效 331  失败 805  甘肃卫视
2026-10-03T07:57:24+00:00 INFO    [run=5179345ba8b246778cc09beb92ef8cb9 phase=speed_test event=progress.updated] 测速  1234/10522 (11%)  有效 369  失败 865  东方卫视
2026-10-03T07:57:55+00:00 INFO    [run=5179345ba8b246778cc09beb92ef8cb9 phase=speed_test event=progress.updated] 测速  1322/10522 (12%)  有效 393  失败 929  翡翠台
2026-10-03T07:58:25+00:00 INFO    [run=5179345ba8b246778cc09beb92ef8cb9 phase=speed_test event=progress.updated] 测速  1389/10522 (13%)  有效 406  失败 983  凤凰资讯
2026-10-03T07:58:56+00:00 INFO    [run=5179345ba8b246778cc09beb92ef8cb9 phase=speed_test event=progress.updated] 测速  1490/10522 (14%)  有效 419  失败 1071  东森综合
2026-10-03T07:59:27+00:00 INFO    [run=5179345ba8b246778cc09beb92ef8cb9 phase=speed_test event=progress.updated] 测速  1576/10522 (14%)  有效 438  失败 1138  CHC高清电影
2026-10-03T07:59:57+00:00 INFO    [run=5179345ba8b246778cc09beb92ef8cb9 phase=speed_test event=progress.updated] 测速  1661/10522 (15%)  有效 467  失败 1194  金庸武侠
2026-10-03T08:00:27+00:00 INFO    [run=5179345ba8b246778cc09beb92ef8cb9 phase=speed_test event=progress.updated] 测速  1720/10522 (16%)  有效 495  失败 1225  法证先锋
2026-10-03T08:00:58+00:00 INFO    [run=5179345ba8b246778cc09beb92ef8cb9 phase=speed_test event=progress.updated] 测速  1796/10522 (17%)  有效 520  失败 1276  全职高手
2026-10-03T08:01:28+00:00 INFO    [run=5179345ba8b246778cc09beb92ef8cb9 phase=speed_test event=progress.updated] 测速  1862/10522 (17%)  有效 534  失败 1328  淘剧场
2026-10-03T08:01:58+00:00 INFO    [run=5179345ba8b246778cc09beb92ef8cb9 phase=speed_test event=progress.updated] 测速  1995/10522 (18%)  有效 542  失败 1453  东森洋片
2026-10-03T08:02:29+00:00 INFO    [run=5179345ba8b246778cc09beb92ef8cb9 phase=speed_test event=progress.updated] 测速  2082/10522 (19%)  有效 554  失败 1528  广东珠江
2026-10-03T08:03:00+00:00 INFO    [run=5179345ba8b246778cc09beb92ef8cb9 phase=speed_test event=progress.updated] 测速  2159/10522 (20%)  有效 561  失败 1598  快乐垂钓
2026-10-03T08:03:34+00:00 INFO    [run=5179345ba8b246778cc09beb92ef8cb9 phase=speed_test event=progress.updated] 测速  2257/10522 (21%)  有效 569  失败 1688  福建体育
2026-10-03T08:04:04+00:00 INFO    [run=5179345ba8b246778cc09beb92ef8cb9 phase=speed_test event=progress.updated] 测速  2334/10522 (22%)  有效 586  失败 1748  水浒传
2026-10-03T08:04:13+00:00 INFO    [run=5179345ba8b246778cc09beb92ef8cb9 phase=speed_test event=speed_test.artifacts_written] 测速明细已写入 output/log/speed_test.log，有效结果已写入 output/log/result.log
2026-10-03T08:04:13+00:00 INFO    [run=5179345ba8b246778cc09beb92ef8cb9 phase=speed_test event=progress.finished] 测速  10522/10522  有效 587  失败 1766
2026-10-03T08:04:13+00:00 INFO    [run=5179345ba8b246778cc09beb92ef8cb9 phase=output event=output.written] 结果文件生成完成：更新 3 个文件
2026-10-03T08:04:15+00:00 INFO    [run=5179345ba8b246778cc09beb92ef8cb9 phase=statistics event=statistics.finished] 频道统计完成：测试 2353，有效 587
2026-10-03T08:04:15+00:00 INFO    [run=5179345ba8b246778cc09beb92ef8cb9 phase=complete event=run.summary] 更新摘要
2026-10-03T08:04:15+00:00 INFO    [run=5179345ba8b246778cc09beb92ef8cb9 phase=complete event=run.finished] 更新完成！总耗时：17:09
2026-10-04T07:55:49+00:00 INFO    [event=application.started] IPTV-API 版本: 3.0.0 (构建时间: 2026-08-07 11:45:59)
2026-10-04T07:55:50+00:00 INFO    [phase=prepare event=network.ipv6.checking] 🛜 正在检查当前网络是否支持IPv6...
2026-10-04T07:55:50+00:00 WARNING [phase=prepare event=network.ipv6.unsupported] 当前网络不支持IPv6，别担心，IPv6的结果会被保存下来
2026-10-04T07:55:50+00:00 INFO    [run=4ac6fd582a974f5b84cc460de2559d41 phase=prepare event=run.started] 性能模式: auto → balance，可用资源: 4.0 CPU / 15.61 GB，并发: 测速 8、媒体探测 2、源抓取 8
2026-10-04T07:55:50+00:00 INFO    [run=4ac6fd582a974f5b84cc460de2559d41 phase=prepare event=channels.catalog_loaded] 频道目录已加载：白名单 0，黑名单 14，台标 21
2026-10-04T07:55:50+00:00 INFO    [run=4ac6fd582a974f5b84cc460de2559d41 phase=fetch event=sources.subscribe.summary] 订阅源数量：20，订阅白名单数量：0，停用地址数量：0，有效总数量：20
2026-10-04T07:55:50+00:00 INFO    [run=4ac6fd582a974f5b84cc460de2559d41 phase=fetch event=progress.started] 正在进行获取订阅源  0/20
2026-10-04T07:55:50+00:00 INFO    [run=4ac6fd582a974f5b84cc460de2559d41 phase=fetch event=sources.epg.summary] EPG源数量：1，EPG白名单数量：0，停用地址数量：0，有效总数量：1
2026-10-04T07:55:50+00:00 INFO    [run=4ac6fd582a974f5b84cc460de2559d41 phase=fetch event=progress.started] 正在进行获取EPG源  0/1
2026-10-04T07:55:50+00:00 WARNING [run=4ac6fd582a974f5b84cc460de2559d41 phase=fetch event=request.retrying] 🔄 请求http://e.erw.cc/e.xml.gz失败，正在进行第1次重试...
2026-10-04T07:55:50+00:00 ERROR   [run=4ac6fd582a974f5b84cc460de2559d41 phase=fetch event=source.parse_failed] http://e.erw.cc/e.xml.gz 出错：❌ 请求http://e.erw.cc/e.xml.gz失败，已达到最大重试次数
2026-10-04T07:55:50+00:00 INFO    [run=4ac6fd582a974f5b84cc460de2559d41 phase=fetch event=progress.updated] 正在进行获取EPG源  1/1 (100%)  剩余 0
2026-10-04T07:55:50+00:00 INFO    [run=4ac6fd582a974f5b84cc460de2559d41 phase=fetch event=sources.epg.finished] EPG源: ✅ 有效地址数量：1，⛔ 停用地址数量：0
2026-10-04T07:55:50+00:00 INFO    [run=4ac6fd582a974f5b84cc460de2559d41 phase=fetch event=progress.finished] 正在进行获取EPG源  1/1  匹配 0 个频道
2026-10-04T07:55:51+00:00 INFO    [run=4ac6fd582a974f5b84cc460de2559d41 phase=fetch event=progress.updated] 正在进行获取订阅源  1/20 (5%)  剩余 19
2026-10-04T07:55:51+00:00 INFO    [run=4ac6fd582a974f5b84cc460de2559d41 phase=fetch event=progress.updated] 正在进行获取订阅源  3/20 (15%)  剩余 17
2026-10-04T07:55:51+00:00 INFO    [run=4ac6fd582a974f5b84cc460de2559d41 phase=fetch event=progress.updated] 正在进行获取订阅源  5/20 (25%)  剩余 15
2026-10-04T07:55:52+00:00 INFO    [run=4ac6fd582a974f5b84cc460de2559d41 phase=fetch event=progress.updated] 正在进行获取订阅源  7/20 (35%)  剩余 13
2026-10-04T07:55:52+00:00 INFO    [run=4ac6fd582a974f5b84cc460de2559d41 phase=fetch event=progress.updated] 正在进行获取订阅源  9/20 (45%)  剩余 11
2026-10-04T07:55:53+00:00 INFO    [run=4ac6fd582a974f5b84cc460de2559d41 phase=fetch event=progress.updated] 正在进行获取订阅源  11/20 (55%)  剩余 9
2026-10-04T07:55:53+00:00 WARNING [run=4ac6fd582a974f5b84cc460de2559d41 phase=fetch event=request.retrying] 🔄 请求http://cms.supertv01.com/zhibo/iptv.txt失败，正在进行第1次重试...
2026-10-04T07:55:53+00:00 INFO    [run=4ac6fd582a974f5b84cc460de2559d41 phase=fetch event=progress.updated] 正在进行获取订阅源  13/20 (65%)  剩余 7
2026-10-04T07:55:53+00:00 INFO    [run=4ac6fd582a974f5b84cc460de2559d41 phase=fetch event=progress.updated] 正在进行获取订阅源  15/20 (75%)  剩余 5
2026-10-04T07:55:54+00:00 WARNING [run=4ac6fd582a974f5b84cc460de2559d41 phase=fetch event=source.request_failed] 订阅源请求失败：❌ 请求http://cms.supertv01.com/zhibo/iptv.txt失败，已达到最大重试次数
2026-10-04T07:55:54+00:00 INFO    [run=4ac6fd582a974f5b84cc460de2559d41 phase=fetch event=progress.updated] 正在进行获取订阅源  17/20 (85%)  剩余 3
2026-10-04T07:55:55+00:00 INFO    [run=4ac6fd582a974f5b84cc460de2559d41 phase=fetch event=progress.updated] 正在进行获取订阅源  19/20 (95%)  剩余 1
2026-10-04T07:55:56+00:00 INFO    [run=4ac6fd582a974f5b84cc460de2559d41 phase=fetch event=progress.updated] 正在进行获取订阅源  20/20 (100%)  剩余 0
2026-10-04T07:55:56+00:00 INFO    [run=4ac6fd582a974f5b84cc460de2559d41 phase=fetch event=sources.subscribe.finished] 订阅源: ✅ 有效地址数量：20，⛔ 停用地址数量：0
2026-10-04T07:55:56+00:00 INFO    [run=4ac6fd582a974f5b84cc460de2559d41 phase=fetch event=progress.finished] 正在进行获取订阅源  20/20  未匹配 10000
2026-10-04T07:58:14+00:00 INFO    [run=4ac6fd582a974f5b84cc460de2559d41 phase=aggregate event=channels.aggregated] 频道数据聚合完成：477 个频道，26020 个接口（IPv4 23454 / IPv6 2566）
2026-10-04T07:58:14+00:00 INFO    [run=4ac6fd582a974f5b84cc460de2559d41 phase=speed_test event=speed_test.planned] 总接口数量: 12438, 需要进行测速的接口数量: 10892
2026-10-04T07:58:14+00:00 INFO    [run=4ac6fd582a974f5b84cc460de2559d41 phase=speed_test event=progress.started] 测速  0/10892
2026-10-04T07:58:14+00:00 INFO    [run=4ac6fd582a974f5b84cc460de2559d41 phase=speed_test event=progress.updated] 测速  1/10892 (0%)  有效 0  失败 1  CCTV-1
2026-10-04T07:58:44+00:00 INFO    [run=4ac6fd582a974f5b84cc460de2559d41 phase=speed_test event=progress.updated] 测速  86/10892 (0%)  有效 34  失败 52  CCTV-5+
2026-10-04T07:59:15+00:00 INFO    [run=4ac6fd582a974f5b84cc460de2559d41 phase=speed_test event=progress.updated] 测速  141/10892 (1%)  有效 35  失败 106  CCTV-5+
2026-10-04T07:59:45+00:00 INFO    [run=4ac6fd582a974f5b84cc460de2559d41 phase=speed_test event=progress.updated] 测速  219/10892 (2%)  有效 42  失败 177  CCTV-7
2026-10-04T08:00:15+00:00 INFO    [run=4ac6fd582a974f5b84cc460de2559d41 phase=speed_test event=progress.updated] 测速  314/10892 (2%)  有效 96  失败 218  CCTV-16
2026-10-04T08:00:46+00:00 INFO    [run=4ac6fd582a974f5b84cc460de2559d41 phase=speed_test event=progress.updated] 测速  387/10892 (3%)  有效 112  失败 275  CETV-2
2026-10-04T08:01:16+00:00 INFO    [run=4ac6fd582a974f5b84cc460de2559d41 phase=speed_test event=progress.updated] 测速  456/10892 (4%)  有效 118  失败 338  CETV-4
2026-10-04T08:01:46+00:00 INFO    [run=4ac6fd582a974f5b84cc460de2559d41 phase=speed_test event=progress.updated] 测速  518/10892 (4%)  有效 118  失败 400  CCTV4美洲
2026-10-04T08:02:17+00:00 INFO    [run=4ac6fd582a974f5b84cc460de2559d41 phase=speed_test event=progress.updated] 测速  605/10892 (5%)  有效 157  失败 448  女性时尚
2026-10-04T08:02:47+00:00 INFO    [run=4ac6fd582a974f5b84cc460de2559d41 phase=speed_test event=progress.updated] 测速  672/10892 (6%)  有效 177  失败 495  世界地理
2026-10-04T08:03:17+00:00 INFO    [run=4ac6fd582a974f5b84cc460de2559d41 phase=speed_test event=progress.updated] 测速  745/10892 (6%)  有效 191  失败 554  CGTN法语
2026-10-04T08:03:48+00:00 INFO    [run=4ac6fd582a974f5b84cc460de2559d41 phase=speed_test event=progress.updated] 测速  850/10892 (7%)  有效 199  失败 651  湖北教育
2026-10-04T08:04:19+00:00 INFO    [run=4ac6fd582a974f5b84cc460de2559d41 phase=speed_test event=progress.updated] 测速  955/10892 (8%)  有效 246  失败 709  山东卫视
2026-10-04T08:04:49+00:00 INFO    [run=4ac6fd582a974f5b84cc460de2559d41 phase=speed_test event=progress.updated] 测速  1074/10892 (9%)  有效 319  失败 755  青海卫视
2026-10-04T08:05:19+00:00 INFO    [run=4ac6fd582a974f5b84cc460de2559d41 phase=speed_test event=progress.updated] 测速  1171/10892 (10%)  有效 358  失败 813  内蒙古视
2026-10-04T08:05:49+00:00 INFO    [run=4ac6fd582a974f5b84cc460de2559d41 phase=speed_test event=progress.updated] 测速  1236/10892 (11%)  有效 358  失败 878  兵团卫视
2026-10-04T08:06:20+00:00 INFO    [run=4ac6fd582a974f5b84cc460de2559d41 phase=speed_test event=progress.updated] 测速  1327/10892 (12%)  有效 384  失败 943  翡翠台
2026-10-04T08:06:51+00:00 INFO    [run=4ac6fd582a974f5b84cc460de2559d41 phase=speed_test event=progress.updated] 测速  1402/10892 (12%)  有效 400  失败 1002  凤凰香港
2026-10-04T08:07:21+00:00 INFO    [run=4ac6fd582a974f5b84cc460de2559d41 phase=speed_test event=progress.updated] 测速  1494/10892 (13%)  有效 414  失败 1080  东森电影
2026-10-04T08:07:51+00:00 INFO    [run=4ac6fd582a974f5b84cc460de2559d41 phase=speed_test event=progress.updated] 测速  1599/10892 (14%)  有效 445  失败 1154  寻秦记
2026-10-04T08:08:21+00:00 INFO    [run=4ac6fd582a974f5b84cc460de2559d41 phase=speed_test event=progress.updated] 测速  1669/10892 (15%)  有效 476  失败 1193  海盗轮播
2026-10-04T08:08:51+00:00 INFO    [run=4ac6fd582a974f5b84cc460de2559d41 phase=speed_test event=progress.updated] 测速  1727/10892 (15%)  有效 493  失败 1234  漫长季节
2026-10-04T08:09:22+00:00 INFO    [run=4ac6fd582a974f5b84cc460de2559d41 phase=speed_test event=progress.updated] 测速  1799/10892 (16%)  有效 510  失败 1289  电视剧三
2026-10-04T08:09:53+00:00 INFO    [run=4ac6fd582a974f5b84cc460de2559d41 phase=speed_test event=progress.updated] 测速  1907/10892 (17%)  有效 524  失败 1383  经典电影
2026-10-04T08:10:24+00:00 INFO    [run=4ac6fd582a974f5b84cc460de2559d41 phase=speed_test event=progress.updated] 测速  2015/10892 (18%)  有效 534  失败 1481  睛彩青少
2026-10-04T08:10:55+00:00 INFO    [run=4ac6fd582a974f5b84cc460de2559d41 phase=speed_test event=progress.updated] 测速  2092/10892 (19%)  有效 546  失败 1546  武术世界
2026-10-04T08:11:26+00:00 INFO    [run=4ac6fd582a974f5b84cc460de2559d41 phase=speed_test event=progress.updated] 测速  2153/10892 (19%)  有效 551  失败 1602  快乐垂钓
2026-10-04T08:12:00+00:00 INFO    [run=4ac6fd582a974f5b84cc460de2559d41 phase=speed_test event=progress.updated] 测速  2192/10892 (20%)  有效 553  失败 1639  咪咕直播17
2026-10-04T08:12:31+00:00 INFO    [run=4ac6fd582a974f5b84cc460de2559d41 phase=speed_test event=progress.updated] 测速  2247/10892 (20%)  有效 566  失败 1681  天津体育
2026-10-04T08:13:00+00:00 INFO    [run=4ac6fd582a974f5b84cc460de2559d41 phase=speed_test event=speed_test.artifacts_written] 测速明细已写入 output/log/speed_test.log，有效结果已写入 output/log/result.log
2026-10-04T08:13:00+00:00 INFO    [run=4ac6fd582a974f5b84cc460de2559d41 phase=speed_test event=progress.finished] 测速  10892/10892  有效 576  失败 1741
2026-10-04T08:13:01+00:00 INFO    [run=4ac6fd582a974f5b84cc460de2559d41 phase=output event=output.written] 结果文件生成完成：更新 3 个文件
2026-10-04T08:13:02+00:00 INFO    [run=4ac6fd582a974f5b84cc460de2559d41 phase=statistics event=statistics.finished] 频道统计完成：测试 2317，有效 576
2026-10-04T08:13:02+00:00 INFO    [run=4ac6fd582a974f5b84cc460de2559d41 phase=complete event=run.summary] 更新摘要
2026-10-04T08:13:02+00:00 INFO    [run=4ac6fd582a974f5b84cc460de2559d41 phase=complete event=run.finished] 更新完成！总耗时：17:12
2026-10-05T08:37:23+00:00 INFO    [event=application.started] IPTV-API 版本: 3.0.0 (构建时间: 2026-08-07 11:45:59)
2026-10-05T08:37:23+00:00 INFO    [phase=prepare event=network.ipv6.checking] 🛜 正在检查当前网络是否支持IPv6...
2026-10-05T08:37:23+00:00 WARNING [phase=prepare event=network.ipv6.unsupported] 当前网络不支持IPv6，别担心，IPv6的结果会被保存下来
2026-10-05T08:37:23+00:00 INFO    [run=8b1cdfbfa8e144ec9e1c72021bccb53e phase=prepare event=run.started] 性能模式: auto → balance，可用资源: 4.0 CPU / 15.61 GB，并发: 测速 8、媒体探测 2、源抓取 8
2026-10-05T08:37:23+00:00 INFO    [run=8b1cdfbfa8e144ec9e1c72021bccb53e phase=prepare event=channels.catalog_loaded] 频道目录已加载：白名单 0，黑名单 14，台标 21
2026-10-05T08:37:23+00:00 INFO    [run=8b1cdfbfa8e144ec9e1c72021bccb53e phase=fetch event=sources.subscribe.summary] 订阅源数量：20，订阅白名单数量：0，停用地址数量：0，有效总数量：20
2026-10-05T08:37:23+00:00 INFO    [run=8b1cdfbfa8e144ec9e1c72021bccb53e phase=fetch event=progress.started] 正在进行获取订阅源  0/20
2026-10-05T08:37:23+00:00 INFO    [run=8b1cdfbfa8e144ec9e1c72021bccb53e phase=fetch event=sources.epg.summary] EPG源数量：1，EPG白名单数量：0，停用地址数量：0，有效总数量：1
2026-10-05T08:37:23+00:00 INFO    [run=8b1cdfbfa8e144ec9e1c72021bccb53e phase=fetch event=progress.started] 正在进行获取EPG源  0/1
2026-10-05T08:37:24+00:00 WARNING [run=8b1cdfbfa8e144ec9e1c72021bccb53e phase=fetch event=request.retrying] 🔄 请求http://e.erw.cc/e.xml.gz失败，正在进行第1次重试...
2026-10-05T08:37:24+00:00 ERROR   [run=8b1cdfbfa8e144ec9e1c72021bccb53e phase=fetch event=source.parse_failed] http://e.erw.cc/e.xml.gz 出错：❌ 请求http://e.erw.cc/e.xml.gz失败，已达到最大重试次数
2026-10-05T08:37:24+00:00 INFO    [run=8b1cdfbfa8e144ec9e1c72021bccb53e phase=fetch event=progress.updated] 正在进行获取EPG源  1/1 (100%)  剩余 0
2026-10-05T08:37:24+00:00 INFO    [run=8b1cdfbfa8e144ec9e1c72021bccb53e phase=fetch event=sources.epg.finished] EPG源: ✅ 有效地址数量：1，⛔ 停用地址数量：0
2026-10-05T08:37:24+00:00 INFO    [run=8b1cdfbfa8e144ec9e1c72021bccb53e phase=fetch event=progress.finished] 正在进行获取EPG源  1/1  匹配 0 个频道
2026-10-05T08:37:24+00:00 INFO    [run=8b1cdfbfa8e144ec9e1c72021bccb53e phase=fetch event=progress.updated] 正在进行获取订阅源  1/20 (5%)  剩余 19
2026-10-05T08:37:25+00:00 INFO    [run=8b1cdfbfa8e144ec9e1c72021bccb53e phase=fetch event=progress.updated] 正在进行获取订阅源  3/20 (15%)  剩余 17
2026-10-05T08:37:25+00:00 INFO    [run=8b1cdfbfa8e144ec9e1c72021bccb53e phase=fetch event=progress.updated] 正在进行获取订阅源  5/20 (25%)  剩余 15
2026-10-05T08:37:25+00:00 INFO    [run=8b1cdfbfa8e144ec9e1c72021bccb53e phase=fetch event=progress.updated] 正在进行获取订阅源  7/20 (35%)  剩余 13
2026-10-05T08:37:26+00:00 INFO    [run=8b1cdfbfa8e144ec9e1c72021bccb53e phase=fetch event=progress.updated] 正在进行获取订阅源  9/20 (45%)  剩余 11
2026-10-05T08:37:26+00:00 INFO    [run=8b1cdfbfa8e144ec9e1c72021bccb53e phase=fetch event=progress.updated] 正在进行获取订阅源  11/20 (55%)  剩余 9
2026-10-05T08:37:26+00:00 WARNING [run=8b1cdfbfa8e144ec9e1c72021bccb53e phase=fetch event=request.retrying] 🔄 请求http://cms.supertv01.com/zhibo/iptv.txt失败，正在进行第1次重试...
2026-10-05T08:37:26+00:00 INFO    [run=8b1cdfbfa8e144ec9e1c72021bccb53e phase=fetch event=progress.updated] 正在进行获取订阅源  13/20 (65%)  剩余 7
2026-10-05T08:37:27+00:00 INFO    [run=8b1cdfbfa8e144ec9e1c72021bccb53e phase=fetch event=progress.updated] 正在进行获取订阅源  15/20 (75%)  剩余 5
2026-10-05T08:37:27+00:00 WARNING [run=8b1cdfbfa8e144ec9e1c72021bccb53e phase=fetch event=source.request_failed] 订阅源请求失败：❌ 请求http://cms.supertv01.com/zhibo/iptv.txt失败，已达到最大重试次数
2026-10-05T08:37:27+00:00 INFO    [run=8b1cdfbfa8e144ec9e1c72021bccb53e phase=fetch event=progress.updated] 正在进行获取订阅源  17/20 (85%)  剩余 3
2026-10-05T08:37:28+00:00 INFO    [run=8b1cdfbfa8e144ec9e1c72021bccb53e phase=fetch event=progress.updated] 正在进行获取订阅源  19/20 (95%)  剩余 1
2026-10-05T08:37:28+00:00 INFO    [run=8b1cdfbfa8e144ec9e1c72021bccb53e phase=fetch event=progress.updated] 正在进行获取订阅源  20/20 (100%)  剩余 0
2026-10-05T08:37:28+00:00 INFO    [run=8b1cdfbfa8e144ec9e1c72021bccb53e phase=fetch event=sources.subscribe.finished] 订阅源: ✅ 有效地址数量：20，⛔ 停用地址数量：0
2026-10-05T08:37:28+00:00 INFO    [run=8b1cdfbfa8e144ec9e1c72021bccb53e phase=fetch event=progress.finished] 正在进行获取订阅源  20/20  未匹配 10000
2026-10-05T08:39:38+00:00 INFO    [run=8b1cdfbfa8e144ec9e1c72021bccb53e phase=aggregate event=channels.aggregated] 频道数据聚合完成：477 个频道，24908 个接口（IPv4 23360 / IPv6 1548）
2026-10-05T08:39:38+00:00 INFO    [run=8b1cdfbfa8e144ec9e1c72021bccb53e phase=speed_test event=speed_test.planned] 总接口数量: 11718, 需要进行测速的接口数量: 10856
2026-10-05T08:39:38+00:00 INFO    [run=8b1cdfbfa8e144ec9e1c72021bccb53e phase=speed_test event=progress.started] 测速  0/10856
2026-10-05T08:39:39+00:00 INFO    [run=8b1cdfbfa8e144ec9e1c72021bccb53e phase=speed_test event=progress.updated] 测速  1/10856 (0%)  有效 0  失败 1  CCTV-1
2026-10-05T08:40:09+00:00 INFO    [run=8b1cdfbfa8e144ec9e1c72021bccb53e phase=speed_test event=progress.updated] 测速  100/10856 (0%)  有效 44  失败 56  CCTV-7
2026-10-05T08:40:39+00:00 INFO    [run=8b1cdfbfa8e144ec9e1c72021bccb53e phase=speed_test event=progress.updated] 测速  224/10856 (2%)  有效 115  失败 109  CETV-2
2026-10-05T08:41:10+00:00 INFO    [run=8b1cdfbfa8e144ec9e1c72021bccb53e phase=speed_test event=progress.updated] 测速  305/10856 (2%)  有效 124  失败 181  CETV-4
2026-10-05T08:41:40+00:00 INFO    [run=8b1cdfbfa8e144ec9e1c72021bccb53e phase=speed_test event=progress.updated] 测速  405/10856 (3%)  有效 149  失败 256  第一剧场
2026-10-05T08:42:11+00:00 INFO    [run=8b1cdfbfa8e144ec9e1c72021bccb53e phase=speed_test event=progress.updated] 测速  494/10856 (4%)  有效 191  失败 303  CGTN阿语
2026-10-05T08:42:41+00:00 INFO    [run=8b1cdfbfa8e144ec9e1c72021bccb53e phase=speed_test event=progress.updated] 测速  603/10856 (5%)  有效 202  失败 401  武汉新闻综合
2026-10-05T08:43:11+00:00 INFO    [run=8b1cdfbfa8e144ec9e1c72021bccb53e phase=speed_test event=progress.updated] 测速  735/10856 (6%)  有效 275  失败 460  江西卫视
2026-10-05T08:43:41+00:00 INFO    [run=8b1cdfbfa8e144ec9e1c72021bccb53e phase=speed_test event=progress.updated] 测速  879/10856 (8%)  有效 361  失败 518  兵团卫视
2026-10-05T08:44:12+00:00 INFO    [run=8b1cdfbfa8e144ec9e1c72021bccb53e phase=speed_test event=progress.updated] 测速  971/10856 (8%)  有效 392  失败 579  翡翠台
2026-10-05T08:44:42+00:00 INFO    [run=8b1cdfbfa8e144ec9e1c72021bccb53e phase=speed_test event=progress.updated] 测速  1044/10856 (9%)  有效 410  失败 634  凤凰香港
2026-10-05T08:45:12+00:00 INFO    [run=8b1cdfbfa8e144ec9e1c72021bccb53e phase=speed_test event=progress.updated] 测速  1158/10856 (10%)  有效 432  失败 726  Now华剧
2026-10-05T08:45:42+00:00 INFO    [run=8b1cdfbfa8e144ec9e1c72021bccb53e phase=speed_test event=progress.updated] 测速  1240/10856 (11%)  有效 452  失败 788  刘德华
2026-10-05T08:46:13+00:00 INFO    [run=8b1cdfbfa8e144ec9e1c72021bccb53e phase=speed_test event=progress.updated] 测速  1322/10856 (12%)  有效 489  失败 833  放映厅
2026-10-05T08:46:43+00:00 INFO    [run=8b1cdfbfa8e144ec9e1c72021bccb53e phase=speed_test event=progress.updated] 测速  1385/10856 (12%)  有效 518  失败 867  神雕侠侣
2026-10-05T08:47:13+00:00 INFO    [run=8b1cdfbfa8e144ec9e1c72021bccb53e phase=speed_test event=progress.updated] 测速  1462/10856 (13%)  有效 544  失败 918  白鹿原轮播
2026-10-05T08:47:43+00:00 INFO    [run=8b1cdfbfa8e144ec9e1c72021bccb53e phase=speed_test event=progress.updated] 测速  1552/10856 (14%)  有效 563  失败 989  纬来电影
2026-10-05T08:48:14+00:00 INFO    [run=8b1cdfbfa8e144ec9e1c72021bccb53e phase=speed_test event=progress.updated] 测速  1669/10856 (15%)  有效 581  失败 1088  睛彩广场舞
2026-10-05T08:48:45+00:00 INFO    [run=8b1cdfbfa8e144ec9e1c72021bccb53e phase=speed_test event=progress.updated] 测速  1747/10856 (16%)  有效 602  失败 1145  广东体育
2026-10-05T08:49:15+00:00 INFO    [run=8b1cdfbfa8e144ec9e1c72021bccb53e phase=speed_test event=progress.updated] 测速  1829/10856 (16%)  有效 619  失败 1210  智林体育
2026-10-05T08:49:46+00:00 INFO    [run=8b1cdfbfa8e144ec9e1c72021bccb53e phase=speed_test event=progress.updated] 测速  1914/10856 (17%)  有效 629  失败 1285  睛彩羽毛球
2026-10-05T08:50:09+00:00 INFO    [run=8b1cdfbfa8e144ec9e1c72021bccb53e phase=speed_test event=speed_test.artifacts_written] 测速明细已写入 output/log/speed_test.log，有效结果已写入 output/log/result.log
2026-10-05T08:50:09+00:00 INFO    [run=8b1cdfbfa8e144ec9e1c72021bccb53e phase=speed_test event=progress.finished] 测速  10856/10856  有效 639  失败 1337
2026-10-05T08:50:09+00:00 INFO    [run=8b1cdfbfa8e144ec9e1c72021bccb53e phase=output event=output.written] 结果文件生成完成：更新 3 个文件
2026-10-05T08:50:11+00:00 INFO    [run=8b1cdfbfa8e144ec9e1c72021bccb53e phase=statistics event=statistics.finished] 频道统计完成：测试 1976，有效 639
2026-10-05T08:50:11+00:00 INFO    [run=8b1cdfbfa8e144ec9e1c72021bccb53e phase=complete event=run.summary] 更新摘要
2026-10-05T08:50:11+00:00 INFO    [run=8b1cdfbfa8e144ec9e1c72021bccb53e phase=complete event=run.finished] 更新完成！总耗时：12:47
2026-10-06T08:43:58+00:00 INFO    [event=application.started] IPTV-API 版本: 3.0.0 (构建时间: 2026-08-07 11:45:59)
2026-10-06T08:43:58+00:00 INFO    [phase=prepare event=network.ipv6.checking] 🛜 正在检查当前网络是否支持IPv6...
2026-10-06T08:43:59+00:00 WARNING [phase=prepare event=network.ipv6.unsupported] 当前网络不支持IPv6，别担心，IPv6的结果会被保存下来
2026-10-06T08:43:59+00:00 INFO    [run=f6b4add651b647039b879e2b0b409595 phase=prepare event=run.started] 性能模式: auto → balance，可用资源: 4.0 CPU / 15.61 GB，并发: 测速 8、媒体探测 2、源抓取 8
2026-10-06T08:43:59+00:00 INFO    [run=f6b4add651b647039b879e2b0b409595 phase=prepare event=channels.catalog_loaded] 频道目录已加载：白名单 0，黑名单 14，台标 21
2026-10-06T08:43:59+00:00 INFO    [run=f6b4add651b647039b879e2b0b409595 phase=fetch event=sources.subscribe.summary] 订阅源数量：20，订阅白名单数量：0，停用地址数量：0，有效总数量：20
2026-10-06T08:43:59+00:00 INFO    [run=f6b4add651b647039b879e2b0b409595 phase=fetch event=progress.started] 正在进行获取订阅源  0/20
2026-10-06T08:43:59+00:00 INFO    [run=f6b4add651b647039b879e2b0b409595 phase=fetch event=sources.epg.summary] EPG源数量：1，EPG白名单数量：0，停用地址数量：0，有效总数量：1
2026-10-06T08:43:59+00:00 INFO    [run=f6b4add651b647039b879e2b0b409595 phase=fetch event=progress.started] 正在进行获取EPG源  0/1
2026-10-06T08:43:59+00:00 WARNING [run=f6b4add651b647039b879e2b0b409595 phase=fetch event=request.retrying] 🔄 请求http://e.erw.cc/e.xml.gz失败，正在进行第1次重试...
2026-10-06T08:43:59+00:00 ERROR   [run=f6b4add651b647039b879e2b0b409595 phase=fetch event=source.parse_failed] http://e.erw.cc/e.xml.gz 出错：❌ 请求http://e.erw.cc/e.xml.gz失败，已达到最大重试次数
2026-10-06T08:43:59+00:00 INFO    [run=f6b4add651b647039b879e2b0b409595 phase=fetch event=progress.updated] 正在进行获取EPG源  1/1 (100%)  剩余 0
2026-10-06T08:43:59+00:00 INFO    [run=f6b4add651b647039b879e2b0b409595 phase=fetch event=sources.epg.finished] EPG源: ✅ 有效地址数量：1，⛔ 停用地址数量：0
2026-10-06T08:43:59+00:00 INFO    [run=f6b4add651b647039b879e2b0b409595 phase=fetch event=progress.finished] 正在进行获取EPG源  1/1  匹配 0 个频道
2026-10-06T08:44:00+00:00 INFO    [run=f6b4add651b647039b879e2b0b409595 phase=fetch event=progress.updated] 正在进行获取订阅源  1/20 (5%)  剩余 19
2026-10-06T08:44:00+00:00 INFO    [run=f6b4add651b647039b879e2b0b409595 phase=fetch event=progress.updated] 正在进行获取订阅源  3/20 (15%)  剩余 17
2026-10-06T08:44:01+00:00 INFO    [run=f6b4add651b647039b879e2b0b409595 phase=fetch event=progress.updated] 正在进行获取订阅源  5/20 (25%)  剩余 15
2026-10-06T08:44:01+00:00 INFO    [run=f6b4add651b647039b879e2b0b409595 phase=fetch event=progress.updated] 正在进行获取订阅源  7/20 (35%)  剩余 13
2026-10-06T08:44:01+00:00 INFO    [run=f6b4add651b647039b879e2b0b409595 phase=fetch event=progress.updated] 正在进行获取订阅源  9/20 (45%)  剩余 11
2026-10-06T08:44:01+00:00 INFO    [run=f6b4add651b647039b879e2b0b409595 phase=fetch event=progress.updated] 正在进行获取订阅源  11/20 (55%)  剩余 9
2026-10-06T08:44:02+00:00 INFO    [run=f6b4add651b647039b879e2b0b409595 phase=fetch event=progress.updated] 正在进行获取订阅源  13/20 (65%)  剩余 7
2026-10-06T08:44:02+00:00 INFO    [run=f6b4add651b647039b879e2b0b409595 phase=fetch event=progress.updated] 正在进行获取订阅源  15/20 (75%)  剩余 5
2026-10-06T08:44:02+00:00 WARNING [run=f6b4add651b647039b879e2b0b409595 phase=fetch event=request.retrying] 🔄 请求http://cms.supertv01.com/zhibo/iptv.txt失败，正在进行第1次重试...
2026-10-06T08:44:03+00:00 INFO    [run=f6b4add651b647039b879e2b0b409595 phase=fetch event=progress.updated] 正在进行获取订阅源  17/20 (85%)  剩余 3
2026-10-06T08:44:03+00:00 WARNING [run=f6b4add651b647039b879e2b0b409595 phase=fetch event=source.request_failed] 订阅源请求失败：❌ 请求http://cms.supertv01.com/zhibo/iptv.txt失败，已达到最大重试次数
2026-10-06T08:44:04+00:00 INFO    [run=f6b4add651b647039b879e2b0b409595 phase=fetch event=progress.updated] 正在进行获取订阅源  19/20 (95%)  剩余 1
2026-10-06T08:44:04+00:00 INFO    [run=f6b4add651b647039b879e2b0b409595 phase=fetch event=progress.updated] 正在进行获取订阅源  20/20 (100%)  剩余 0
2026-10-06T08:44:04+00:00 INFO    [run=f6b4add651b647039b879e2b0b409595 phase=fetch event=sources.subscribe.finished] 订阅源: ✅ 有效地址数量：20，⛔ 停用地址数量：0
2026-10-06T08:44:04+00:00 INFO    [run=f6b4add651b647039b879e2b0b409595 phase=fetch event=progress.finished] 正在进行获取订阅源  20/20  未匹配 10000
2026-10-06T08:46:07+00:00 INFO    [run=f6b4add651b647039b879e2b0b409595 phase=aggregate event=channels.aggregated] 频道数据聚合完成：477 个频道，25940 个接口（IPv4 23223 / IPv6 2717）
2026-10-06T08:46:07+00:00 INFO    [run=f6b4add651b647039b879e2b0b409595 phase=speed_test event=speed_test.planned] 总接口数量: 12458, 需要进行测速的接口数量: 10815
2026-10-06T08:46:07+00:00 INFO    [run=f6b4add651b647039b879e2b0b409595 phase=speed_test event=progress.started] 测速  0/10815
2026-10-06T08:46:08+00:00 INFO    [run=f6b4add651b647039b879e2b0b409595 phase=speed_test event=progress.updated] 测速  1/10815 (0%)  有效 0  失败 1  CCTV-1
2026-10-06T08:46:38+00:00 INFO    [run=f6b4add651b647039b879e2b0b409595 phase=speed_test event=progress.updated] 测速  104/10815 (0%)  有效 59  失败 45  CCTV-9
2026-10-06T08:47:09+00:00 INFO    [run=f6b4add651b647039b879e2b0b409595 phase=speed_test event=progress.updated] 测速  213/10815 (1%)  有效 117  失败 96  CETV-2
2026-10-06T08:47:39+00:00 INFO    [run=f6b4add651b647039b879e2b0b409595 phase=speed_test event=progress.updated] 测速  298/10815 (2%)  有效 127  失败 171  CCTV4美洲
2026-10-06T08:48:09+00:00 INFO    [run=f6b4add651b647039b879e2b0b409595 phase=speed_test event=progress.updated] 测速  400/10815 (3%)  有效 179  失败 221  高尔夫网球
2026-10-06T08:48:39+00:00 INFO    [run=f6b4add651b647039b879e2b0b409595 phase=speed_test event=progress.updated] 测速  507/10815 (4%)  有效 218  失败 289  湖北教育
2026-10-06T08:49:10+00:00 INFO    [run=f6b4add651b647039b879e2b0b409595 phase=speed_test event=progress.updated] 测速  597/10815 (5%)  有效 239  失败 358  北京卫视
2026-10-06T08:49:40+00:00 INFO    [run=f6b4add651b647039b879e2b0b409595 phase=speed_test event=progress.updated] 测速  730/10815 (6%)  有效 326  失败 404  湖北卫视
2026-10-06T08:50:10+00:00 INFO    [run=f6b4add651b647039b879e2b0b409595 phase=speed_test event=progress.updated] 测速  841/10815 (7%)  有效 385  失败 456  东方卫视
2026-10-06T08:50:40+00:00 INFO    [run=f6b4add651b647039b879e2b0b409595 phase=speed_test event=progress.updated] 测速  920/10815 (8%)  有效 413  失败 507  翡翠台
2026-10-06T08:51:10+00:00 INFO    [run=f6b4add651b647039b879e2b0b409595 phase=speed_test event=progress.updated] 测速  997/10815 (9%)  有效 428  失败 569  凤凰卫视
2026-10-06T08:51:40+00:00 INFO    [run=f6b4add651b647039b879e2b0b409595 phase=speed_test event=progress.updated] 测速  1099/10815 (10%)  有效 445  失败 654  Now华剧
2026-10-06T08:52:10+00:00 INFO    [run=f6b4add651b647039b879e2b0b409595 phase=speed_test event=progress.updated] 测速  1190/10815 (11%)  有效 479  失败 711  封神榜
2026-10-06T08:52:41+00:00 INFO    [run=f6b4add651b647039b879e2b0b409595 phase=speed_test event=progress.updated] 测速  1269/10815 (11%)  有效 514  失败 755  盗墓轮播
2026-10-06T08:53:11+00:00 INFO    [run=f6b4add651b647039b879e2b0b409595 phase=speed_test event=progress.updated] 测速  1335/10815 (12%)  有效 545  失败 790  蜡笔小新
2026-10-06T08:53:41+00:00 INFO    [run=f6b4add651b647039b879e2b0b409595 phase=speed_test event=progress.updated] 测速  1409/10815 (13%)  有效 566  失败 843  电视剧四
2026-10-06T08:54:11+00:00 INFO    [run=f6b4add651b647039b879e2b0b409595 phase=speed_test event=progress.updated] 测速  1511/10815 (13%)  有效 580  失败 931  靖天戏剧
2026-10-06T08:54:41+00:00 INFO    [run=f6b4add651b647039b879e2b0b409595 phase=speed_test event=progress.updated] 测速  1606/10815 (14%)  有效 590  失败 1016  睛彩篮球
2026-10-06T08:55:12+00:00 INFO    [run=f6b4add651b647039b879e2b0b409595 phase=speed_test event=progress.updated] 测速  1688/10815 (15%)  有效 620  失败 1068  山东体育
2026-10-06T08:55:42+00:00 INFO    [run=f6b4add651b647039b879e2b0b409595 phase=speed_test event=progress.updated] 测速  1793/10815 (16%)  有效 633  失败 1160  体育赛事
2026-10-06T08:56:12+00:00 INFO    [run=f6b4add651b647039b879e2b0b409595 phase=speed_test event=progress.updated] 测速  1854/10815 (17%)  有效 650  失败 1204  魅力足球
2026-10-06T08:56:26+00:00 INFO    [run=f6b4add651b647039b879e2b0b409595 phase=speed_test event=speed_test.artifacts_written] 测速明细已写入 output/log/speed_test.log，有效结果已写入 output/log/result.log
2026-10-06T08:56:26+00:00 INFO    [run=f6b4add651b647039b879e2b0b409595 phase=speed_test event=progress.finished] 测速  10815/10815  有效 658  失败 1238
2026-10-06T08:56:27+00:00 INFO    [run=f6b4add651b647039b879e2b0b409595 phase=output event=output.written] 结果文件生成完成：更新 3 个文件
2026-10-06T08:56:28+00:00 INFO    [run=f6b4add651b647039b879e2b0b409595 phase=statistics event=statistics.finished] 频道统计完成：测试 1896，有效 658
2026-10-06T08:56:29+00:00 INFO    [run=f6b4add651b647039b879e2b0b409595 phase=complete event=run.summary] 更新摘要
2026-10-06T08:56:29+00:00 INFO    [run=f6b4add651b647039b879e2b0b409595 phase=complete event=run.finished] 更新完成！总耗时：12:30
2026-10-07T08:18:23+00:00 INFO    [event=application.started] IPTV-API 版本: 3.0.0 (构建时间: 2026-08-07 11:45:59)
2026-10-07T08:18:23+00:00 INFO    [phase=prepare event=network.ipv6.checking] 🛜 正在检查当前网络是否支持IPv6...
2026-10-07T08:18:23+00:00 WARNING [phase=prepare event=network.ipv6.unsupported] 当前网络不支持IPv6，别担心，IPv6的结果会被保存下来
2026-10-07T08:18:23+00:00 INFO    [run=fd760b492999419f92eac4c6c6a08834 phase=prepare event=run.started] 性能模式: auto → balance，可用资源: 4.0 CPU / 15.61 GB，并发: 测速 8、媒体探测 2、源抓取 8
2026-10-07T08:18:23+00:00 INFO    [run=fd760b492999419f92eac4c6c6a08834 phase=prepare event=channels.catalog_loaded] 频道目录已加载：白名单 0，黑名单 14，台标 21
2026-10-07T08:18:23+00:00 INFO    [run=fd760b492999419f92eac4c6c6a08834 phase=fetch event=sources.subscribe.summary] 订阅源数量：20，订阅白名单数量：0，停用地址数量：0，有效总数量：20
2026-10-07T08:18:23+00:00 INFO    [run=fd760b492999419f92eac4c6c6a08834 phase=fetch event=progress.started] 正在进行获取订阅源  0/20
2026-10-07T08:18:23+00:00 INFO    [run=fd760b492999419f92eac4c6c6a08834 phase=fetch event=sources.epg.summary] EPG源数量：1，EPG白名单数量：0，停用地址数量：0，有效总数量：1
2026-10-07T08:18:23+00:00 INFO    [run=fd760b492999419f92eac4c6c6a08834 phase=fetch event=progress.started] 正在进行获取EPG源  0/1
2026-10-07T08:18:23+00:00 WARNING [run=fd760b492999419f92eac4c6c6a08834 phase=fetch event=request.retrying] 🔄 请求http://e.erw.cc/e.xml.gz失败，正在进行第1次重试...
2026-10-07T08:18:23+00:00 ERROR   [run=fd760b492999419f92eac4c6c6a08834 phase=fetch event=source.parse_failed] http://e.erw.cc/e.xml.gz 出错：❌ 请求http://e.erw.cc/e.xml.gz失败，已达到最大重试次数
2026-10-07T08:18:23+00:00 INFO    [run=fd760b492999419f92eac4c6c6a08834 phase=fetch event=progress.updated] 正在进行获取EPG源  1/1 (100%)  剩余 0
2026-10-07T08:18:23+00:00 INFO    [run=fd760b492999419f92eac4c6c6a08834 phase=fetch event=sources.epg.finished] EPG源: ✅ 有效地址数量：1，⛔ 停用地址数量：0
2026-10-07T08:18:23+00:00 INFO    [run=fd760b492999419f92eac4c6c6a08834 phase=fetch event=progress.finished] 正在进行获取EPG源  1/1  匹配 0 个频道
2026-10-07T08:18:24+00:00 INFO    [run=fd760b492999419f92eac4c6c6a08834 phase=fetch event=progress.updated] 正在进行获取订阅源  1/20 (5%)  剩余 19
2026-10-07T08:18:24+00:00 INFO    [run=fd760b492999419f92eac4c6c6a08834 phase=fetch event=progress.updated] 正在进行获取订阅源  3/20 (15%)  剩余 17
2026-10-07T08:18:24+00:00 INFO    [run=fd760b492999419f92eac4c6c6a08834 phase=fetch event=progress.updated] 正在进行获取订阅源  5/20 (25%)  剩余 15
2026-10-07T08:18:25+00:00 INFO    [run=fd760b492999419f92eac4c6c6a08834 phase=fetch event=progress.updated] 正在进行获取订阅源  7/20 (35%)  剩余 13
2026-10-07T08:18:26+00:00 INFO    [run=fd760b492999419f92eac4c6c6a08834 phase=fetch event=progress.updated] 正在进行获取订阅源  9/20 (45%)  剩余 11
2026-10-07T08:18:26+00:00 INFO    [run=fd760b492999419f92eac4c6c6a08834 phase=fetch event=progress.updated] 正在进行获取订阅源  11/20 (55%)  剩余 9
2026-10-07T08:18:27+00:00 INFO    [run=fd760b492999419f92eac4c6c6a08834 phase=fetch event=progress.updated] 正在进行获取订阅源  13/20 (65%)  剩余 7
2026-10-07T08:18:27+00:00 WARNING [run=fd760b492999419f92eac4c6c6a08834 phase=fetch event=request.retrying] 🔄 请求http://cms.supertv01.com/zhibo/iptv.txt失败，正在进行第1次重试...
2026-10-07T08:18:27+00:00 INFO    [run=fd760b492999419f92eac4c6c6a08834 phase=fetch event=progress.updated] 正在进行获取订阅源  15/20 (75%)  剩余 5
2026-10-07T08:18:28+00:00 WARNING [run=fd760b492999419f92eac4c6c6a08834 phase=fetch event=source.request_failed] 订阅源请求失败：❌ 请求http://cms.supertv01.com/zhibo/iptv.txt失败，已达到最大重试次数
2026-10-07T08:18:28+00:00 INFO    [run=fd760b492999419f92eac4c6c6a08834 phase=fetch event=progress.updated] 正在进行获取订阅源  17/20 (85%)  剩余 3
2026-10-07T08:18:28+00:00 INFO    [run=fd760b492999419f92eac4c6c6a08834 phase=fetch event=progress.updated] 正在进行获取订阅源  19/20 (95%)  剩余 1
2026-10-07T08:18:29+00:00 INFO    [run=fd760b492999419f92eac4c6c6a08834 phase=fetch event=progress.updated] 正在进行获取订阅源  20/20 (100%)  剩余 0
2026-10-07T08:18:29+00:00 INFO    [run=fd760b492999419f92eac4c6c6a08834 phase=fetch event=sources.subscribe.finished] 订阅源: ✅ 有效地址数量：20，⛔ 停用地址数量：0
2026-10-07T08:18:29+00:00 INFO    [run=fd760b492999419f92eac4c6c6a08834 phase=fetch event=progress.finished] 正在进行获取订阅源  20/20  未匹配 10000
2026-10-07T08:20:16+00:00 INFO    [run=fd760b492999419f92eac4c6c6a08834 phase=aggregate event=channels.aggregated] 频道数据聚合完成：477 个频道，25351 个接口（IPv4 23789 / IPv6 1562）
2026-10-07T08:20:16+00:00 INFO    [run=fd760b492999419f92eac4c6c6a08834 phase=speed_test event=speed_test.planned] 总接口数量: 11967, 需要进行测速的接口数量: 11083
2026-10-07T08:20:16+00:00 INFO    [run=fd760b492999419f92eac4c6c6a08834 phase=speed_test event=progress.started] 测速  0/11083
2026-10-07T08:20:17+00:00 INFO    [run=fd760b492999419f92eac4c6c6a08834 phase=speed_test event=progress.updated] 测速  1/11083 (0%)  有效 0  失败 1  CCTV-1
2026-10-07T08:20:48+00:00 INFO    [run=fd760b492999419f92eac4c6c6a08834 phase=speed_test event=progress.updated] 测速  94/11083 (0%)  有效 33  失败 61  CCTV-5+
2026-10-07T08:21:18+00:00 INFO    [run=fd760b492999419f92eac4c6c6a08834 phase=speed_test event=progress.updated] 测速  189/11083 (1%)  有效 68  失败 121  CCTV-11
2026-10-07T08:21:49+00:00 INFO    [run=fd760b492999419f92eac4c6c6a08834 phase=speed_test event=progress.updated] 测速  290/11083 (2%)  有效 114  失败 176  CETV-2
2026-10-07T08:22:20+00:00 INFO    [run=fd760b492999419f92eac4c6c6a08834 phase=speed_test event=progress.updated] 测速  358/11083 (3%)  有效 121  失败 237  CETV-4
2026-10-07T08:22:51+00:00 INFO    [run=fd760b492999419f92eac4c6c6a08834 phase=speed_test event=progress.updated] 测速  427/11083 (3%)  有效 121  失败 306  CCTV4欧洲
2026-10-07T08:23:22+00:00 INFO    [run=fd760b492999419f92eac4c6c6a08834 phase=speed_test event=progress.updated] 测速  512/11083 (4%)  有效 141  失败 371  第一剧场
2026-10-07T08:23:52+00:00 INFO    [run=fd760b492999419f92eac4c6c6a08834 phase=speed_test event=progress.updated] 测速  576/11083 (5%)  有效 167  失败 409  高尔夫网球
2026-10-07T08:24:22+00:00 INFO    [run=fd760b492999419f92eac4c6c6a08834 phase=speed_test event=progress.updated] 测速  677/11083 (6%)  有效 200  失败 477  CGTN西语
2026-10-07T08:24:53+00:00 INFO    [run=fd760b492999419f92eac4c6c6a08834 phase=speed_test event=progress.updated] 测速  765/11083 (6%)  有效 212  失败 553  浙江卫视
2026-10-07T08:25:25+00:00 INFO    [run=fd760b492999419f92eac4c6c6a08834 phase=speed_test event=progress.updated] 测速  836/11083 (7%)  有效 225  失败 611  湖南卫视
2026-10-07T08:25:55+00:00 INFO    [run=fd760b492999419f92eac4c6c6a08834 phase=speed_test event=progress.updated] 测速  937/11083 (8%)  有效 285  失败 652  河南卫视
2026-10-07T08:26:25+00:00 INFO    [run=fd760b492999419f92eac4c6c6a08834 phase=speed_test event=progress.updated] 测速  1048/11083 (9%)  有效 354  失败 694  吉林卫视
2026-10-07T08:26:55+00:00 INFO    [run=fd760b492999419f92eac4c6c6a08834 phase=speed_test event=progress.updated] 测速  1114/11083 (10%)  有效 363  失败 751  兵团卫视
2026-10-07T08:27:26+00:00 INFO    [run=fd760b492999419f92eac4c6c6a08834 phase=speed_test event=progress.updated] 测速  1182/11083 (10%)  有效 366  失败 816  东方卫视
2026-10-07T08:27:56+00:00 INFO    [run=fd760b492999419f92eac4c6c6a08834 phase=speed_test event=progress.updated] 测速  1263/11083 (11%)  有效 392  失败 871  翡翠台
2026-10-07T08:28:26+00:00 INFO    [run=fd760b492999419f92eac4c6c6a08834 phase=speed_test event=progress.updated] 测速  1335/11083 (12%)  有效 407  失败 928  凤凰资讯
2026-10-07T08:28:56+00:00 INFO    [run=fd760b492999419f92eac4c6c6a08834 phase=speed_test event=progress.updated] 测速  1438/11083 (12%)  有效 424  失败 1014  无线新闻
2026-10-07T08:29:26+00:00 INFO    [run=fd760b492999419f92eac4c6c6a08834 phase=speed_test event=progress.updated] 测速  1545/11083 (13%)  有效 464  失败 1081  斯坦森
2026-10-07T08:29:58+00:00 INFO    [run=fd760b492999419f92eac4c6c6a08834 phase=speed_test event=progress.updated] 测速  1625/11083 (14%)  有效 494  失败 1131  梁家辉
2026-10-07T08:30:28+00:00 INFO    [run=fd760b492999419f92eac4c6c6a08834 phase=speed_test event=progress.updated] 测速  1687/11083 (15%)  有效 525  失败 1162  水月洞天
2026-10-07T08:30:58+00:00 INFO    [run=fd760b492999419f92eac4c6c6a08834 phase=speed_test event=progress.updated] 测速  1757/11083 (15%)  有效 546  失败 1211  鹊刀门传
2026-10-07T08:31:29+00:00 INFO    [run=fd760b492999419f92eac4c6c6a08834 phase=speed_test event=progress.updated] 测速  1824/11083 (16%)  有效 566  失败 1258  淘电影
2026-10-07T08:32:00+00:00 INFO    [run=fd760b492999419f92eac4c6c6a08834 phase=speed_test event=progress.updated] 测速  1965/11083 (17%)  有效 579  失败 1386  睛彩篮球
2026-10-07T08:32:30+00:00 INFO    [run=fd760b492999419f92eac4c6c6a08834 phase=speed_test event=progress.updated] 测速  2030/11083 (18%)  有效 584  失败 1446  睛彩竞技
2026-10-07T08:33:01+00:00 INFO    [run=fd760b492999419f92eac4c6c6a08834 phase=speed_test event=progress.updated] 测速  2121/11083 (19%)  有效 608  失败 1513  武术世界
2026-10-07T08:33:34+00:00 INFO    [run=fd760b492999419f92eac4c6c6a08834 phase=speed_test event=progress.updated] 测速  2152/11083 (19%)  有效 609  失败 1543  咪咕直播17
2026-10-07T08:34:04+00:00 INFO    [run=fd760b492999419f92eac4c6c6a08834 phase=speed_test event=progress.updated] 测速  2204/11083 (19%)  有效 619  失败 1585  天津体育
2026-10-07T08:34:35+00:00 INFO    [run=fd760b492999419f92eac4c6c6a08834 phase=speed_test event=progress.updated] 测速  2276/11083 (20%)  有效 630  失败 1646  射雕英雄传
2026-10-07T08:34:35+00:00 INFO    [run=fd760b492999419f92eac4c6c6a08834 phase=speed_test event=speed_test.artifacts_written] 测速明细已写入 output/log/speed_test.log，有效结果已写入 output/log/result.log
2026-10-07T08:34:35+00:00 INFO    [run=fd760b492999419f92eac4c6c6a08834 phase=speed_test event=progress.finished] 测速  11083/11083  有效 630  失败 1646
2026-10-07T08:34:36+00:00 INFO    [run=fd760b492999419f92eac4c6c6a08834 phase=output event=output.written] 结果文件生成完成：更新 3 个文件
2026-10-07T08:34:37+00:00 INFO    [run=fd760b492999419f92eac4c6c6a08834 phase=statistics event=statistics.finished] 频道统计完成：测试 2276，有效 630
2026-10-07T08:34:37+00:00 INFO    [run=fd760b492999419f92eac4c6c6a08834 phase=complete event=run.summary] 更新摘要
2026-10-07T08:34:37+00:00 INFO    [run=fd760b492999419f92eac4c6c6a08834 phase=complete event=run.finished] 更新完成！总耗时：16:14
